phone_timestamp,server_received_timestamp,accelerometer_x,accelerometer_y,accelerometer_z,accel_nograv_x,accel_nograv_y,accel_nograv_z,gyroscope_alpha,gyroscope_beta,gyroscope_gamma,orientation_alpha,orientation_beta,orientation_gamma,magnetometer_x,magnetometer_y,magnetometer_z,latitude,longitude,altitude,speed,heading,accuracy
2026-09-16T18:26:37.392Z,2026-09-16T18:26:37.402Z,0.15,-0.32,9.81,0.02,-0.01,0.05,0.05,0.12,-1.25,180.5,12.3,-5.4,,,,11.016845,76.955812,410.2,1.2,90,4.5
2026-09-16T18:39:39.997Z,2026-09-16T18:39:40.007Z,-0.42,1.25,9.68,-0.05,0.12,0.08,0.18,-0.45,2.15,95.4,-3.2,14.8,,,,11.016845,76.955812,412,0.8,140.5,3.2
2026-09-17T01:43:51.399Z,2026-09-17T01:43:54.701Z,0.9,0.4,9.8,0,0,-0.1,0,0.2,-0.1,359.9,2.6,-5.5,,,,11.055314,76.927092,374.7,0.09,,4.48
2026-09-17T01:43:52.388Z,2026-09-17T01:43:55.874Z,0.9,0.4,9.8,0,0,-0.1,0,0.2,-0.1,359.9,2.6,-5.5,,,,11.055314,76.927092,374.7,0.09,,4.48
2026-09-17T01:43:53.392Z,2026-09-17T01:43:56.706Z,0.9,0.4,9.8,0,0,-0.1,0,0.2,-0.1,359.9,2.6,-5.5,,,,11.055314,76.927092,374.7,0.09,,4.48
2026-09-17T01:43:54.399Z,2026-09-17T01:43:57.929Z,0.9,0.4,9.8,0,0,-0.1,0,0.2,-0.1,359.9,2.6,-5.5,,,,11.055314,76.927092,374.7,0.09,,4.48
2026-09-17T01:43:55.398Z,2026-09-17T01:43:58.742Z,0.9,0.4,9.8,0,0,-0.1,0,0.2,-0.1,359.9,2.6,-5.5,,,,11.055314,76.927092,374.7,0.09,,4.48
2026-09-17T01:43:57.523Z,2026-09-17T01:44:00.892Z,0.9,0.4,9.8,0,0,-0.1,0,0.2,-0.1,359.9,2.6,-5.5,,,,11.055314,76.927092,374.7,0.09,,4.48
2026-09-17T01:43:58.526Z,2026-09-17T01:44:01.827Z,0.9,0.4,9.8,0,0,-0.1,0,0.2,-0.1,359.9,2.6,-5.5,,,,11.055314,76.927092,374.7,0.09,,4.48
2026-09-17T01:44:01.252Z,2026-09-17T01:44:04.681Z,0.9,0.4,9.8,0,0,-0.1,0,0.2,-0.1,359.9,2.6,-5.5,,,,11.055314,76.927092,374.7,0.09,,4.48
2026-09-17T01:44:02.176Z,2026-09-17T01:44:05.500Z,0.9,0.4,9.8,0,0,-0.1,0,0.2,-0.1,359.9,2.6,-5.5,,,,11.055314,76.927092,374.7,0.09,,4.48
2026-09-17T01:44:03.169Z,2026-09-17T01:44:06.525Z,0.9,0.4,9.8,0,0,-0.1,0,0.2,-0.1,359.9,2.6,-5.5,,,,11.055314,76.927092,374.7,0.09,,4.48
2026-09-17T01:44:04.173Z,2026-09-17T01:44:07.548Z,0.9,0.4,9.8,0,0,-0.1,0,0.2,-0.1,359.9,2.6,-5.5,,,,11.055314,76.927092,374.7,0.09,,4.48
2026-09-17T01:44:05.168Z,2026-09-17T01:44:08.574Z,0.9,0.4,9.8,0,0,-0.1,0,0.2,-0.1,359.9,2.6,-5.5,,,,11.055314,76.927092,374.7,0.09,,4.48
2026-09-17T01:44:06.176Z,2026-09-17T01:44:09.661Z,0.9,0.4,9.8,0,0,-0.1,0,0.2,-0.1,359.9,2.6,-5.5,,,,11.055314,76.927092,374.7,0.09,,4.48
2026-09-17T01:44:07.166Z,2026-09-17T01:44:10.516Z,0.9,0.4,9.8,0,0,-0.1,0,0.2,-0.1,359.9,2.6,-5.5,,,,11.055314,76.927092,374.7,0.09,,4.48
2026-09-17T01:44:08.177Z,2026-09-17T01:44:11.542Z,0.9,0.4,9.8,0,0,-0.1,0,0.2,-0.1,359.9,2.6,-5.5,,,,11.055314,76.927092,374.7,0.09,,4.48
2026-09-17T01:44:09.176Z,2026-09-17T01:44:12.568Z,0.9,0.4,9.8,0,0,-0.1,0,0.2,-0.1,359.9,2.6,-5.5,,,,11.055314,76.927092,374.7,0.09,,4.48
2026-09-17T01:44:18.739Z,2026-09-17T01:44:22.020Z,0.9,0.4,9.8,0,0,-0.1,0,0.2,-0.1,359.9,2.6,-5.5,,,,11.055314,76.927092,374.7,0.09,,4.48
2026-09-17T01:44:20.653Z,2026-09-17T01:44:24.035Z,0.9,0.4,9.8,0,0,-0.1,0,0.2,-0.1,359.9,2.6,-5.5,,,,11.055314,76.927092,374.7,0.09,,4.48
2026-09-17T01:44:22.234Z,2026-09-17T01:44:25.572Z,0.9,0.4,9.8,0,0,-0.1,0,0.2,-0.1,359.9,2.6,-5.5,,,,11.055314,76.927092,374.7,0.09,,4.48
2026-09-17T01:44:23.349Z,2026-09-17T01:44:26.698Z,0.9,0.4,9.8,0,0,-0.1,0,0.2,-0.1,359.9,2.6,-5.5,,,,11.055314,76.927092,374.7,0.09,,4.48
2026-09-17T01:44:29.305Z,2026-09-17T01:44:32.604Z,0.9,0.4,9.8,0,0,-0.1,0,0.2,-0.1,359.9,2.6,-5.5,,,,11.055314,76.927092,374.7,0.09,,4.48
2026-09-17T01:44:48.639Z,2026-09-17T01:44:51.992Z,0.9,0.4,9.8,0,0,-0.1,0,0.2,-0.1,359.9,2.6,-5.5,,,,11.055314,76.927092,374.7,0.09,,4.48
2026-09-17T01:44:57.661Z,2026-09-17T01:45:01.112Z,0.9,0.4,9.8,0,0,-0.1,0,0.2,-0.1,359.9,2.6,-5.5,,,,11.055314,76.927092,374.7,0.09,,4.48
2026-09-17T01:44:58.655Z,2026-09-17T01:45:01.931Z,0.9,0.4,9.8,0,0,-0.1,0,0.2,-0.1,359.9,2.6,-5.5,,,,11.055314,76.927092,374.7,0.09,,4.48
2026-09-17T01:44:58.976Z,2026-09-17T01:45:02.279Z,0.9,0.4,9.8,0,0,-0.1,0,0.2,-0.1,359.9,2.6,-5.5,,,,11.055314,76.927092,374.7,0.09,,4.48
2026-09-17T01:44:59.115Z,2026-09-17T01:45:02.394Z,2.1,2.8,10.2,0.2,-0.2,1.3,2,13.7,7.8,94.7,18.1,-12.2,,,,11.055314,76.927092,374.7,0.09,,4.48
2026-09-17T01:46:13.936Z,2026-09-17T01:46:17.217Z,-0.6,0.9,9.8,0,0,0,0,0,0,80.9,5.1,3.7,,,,11.055217,76.926996,374.7,0.11,83.48,3.7
2026-09-17T01:46:14.650Z,2026-09-17T01:46:17.927Z,-0.7,0.9,9.8,0,0,0,0,-0.2,0,80.9,5.1,3.8,,,,11.055217,76.926996,374.7,0.11,83.48,3.7
2026-09-17T01:46:15.657Z,2026-09-17T01:46:18.959Z,-0.7,0.9,9.8,0,0,0,0,-0.2,0,80.9,5.1,3.8,,,,11.055217,76.926996,374.7,0.11,83.48,3.7
2026-09-17T01:46:16.657Z,2026-09-17T01:46:19.961Z,-0.7,0.9,9.8,0,0,0,0,-0.2,0,80.9,5.1,3.8,,,,11.055217,76.926996,374.7,0.11,83.48,3.7
2026-09-17T01:46:17.657Z,2026-09-17T01:46:20.979Z,-0.7,0.9,9.8,0,0,0,0,-0.2,0,80.9,5.1,3.8,,,,11.055217,76.926996,374.7,0.11,83.48,3.7
2026-09-17T01:46:18.655Z,2026-09-17T01:46:21.936Z,-0.7,0.9,9.8,0,0,0,0,-0.2,0,80.9,5.1,3.8,,,,11.055217,76.926996,374.7,0.11,83.48,3.7
2026-09-17T01:46:20.905Z,2026-09-17T01:46:24.206Z,-0.7,0.9,9.8,0,0,0,0,-0.2,0,80.9,5.1,3.8,,,,11.055217,76.926996,374.7,0.11,83.48,3.7
2026-09-17T01:46:22.833Z,2026-09-17T01:46:26.117Z,-0.7,0.9,9.8,0,0,0,0,-0.2,0,80.9,5.1,3.8,,,,11.055217,76.926996,374.7,0.11,83.48,3.7
2026-09-17T01:46:41.039Z,2026-09-17T01:46:44.336Z,-0.7,0.9,9.8,0,0,0,0,-0.2,0,80.9,5.1,3.8,,,,11.055217,76.926996,374.7,0.11,83.48,3.7
2026-09-17T01:46:49.038Z,2026-09-17T01:46:52.328Z,-0.7,0.9,9.8,0,0,0,0,-0.2,0,80.9,5.1,3.8,,,,11.055217,76.926996,374.7,0.11,83.48,3.7
2026-09-17T01:47:10.779Z,2026-09-17T01:47:14.087Z,-0.7,0.9,9.8,0,0,0,0,-0.2,0,80.9,5.1,3.8,,,,11.055217,76.926996,374.7,0.11,83.48,3.7
2026-09-17T01:47:11.661Z,2026-09-17T01:47:14.959Z,-0.7,0.9,9.8,0,0,0,0,-0.2,0,80.9,5.1,3.8,,,,11.055217,76.926996,374.7,0.11,83.48,3.7
2026-09-17T01:47:30.134Z,2026-09-17T01:47:33.433Z,-0.7,0.9,9.8,0,0,0,0,-0.2,0,80.9,5.1,3.8,,,,11.055217,76.926996,374.7,0.11,83.48,3.7
2026-09-17T01:47:35.934Z,2026-09-17T01:47:39.233Z,-0.7,0.9,9.8,0,0,0,0,-0.2,0,80.9,5.1,3.8,,,,11.055217,76.926996,374.7,0.11,83.48,3.7
2026-09-17T01:47:36.931Z,2026-09-17T01:47:40.230Z,-0.7,0.9,9.8,0,0,0,0,-0.2,0,80.9,5.1,3.8,,,,11.055217,76.926996,374.7,0.11,83.48,3.7
2026-09-17T01:47:39.939Z,2026-09-17T01:47:43.246Z,-0.7,0.9,9.8,0,0,0,0,-0.2,0,80.9,5.1,3.8,,,,11.055217,76.926996,374.7,0.11,83.48,3.7
2026-09-17T01:47:44.828Z,2026-09-17T01:47:48.111Z,-0.7,0.9,9.8,0,0,0,0,-0.2,0,80.9,5.1,3.8,,,,11.055217,76.926996,374.7,0.11,83.48,3.7
2026-09-17T01:47:48.917Z,2026-09-17T01:47:52.233Z,-0.7,0.9,9.8,0,0,0,0,-0.2,0,80.9,5.1,3.8,,,,11.055217,76.926996,374.7,0.11,83.48,3.7
2026-09-17T01:48:00.147Z,2026-09-17T01:48:03.460Z,-0.7,0.9,9.8,0,0,0,0,-0.2,0,80.9,5.1,3.8,,,,11.055217,76.926996,374.7,0.11,83.48,3.7
2026-09-17T01:48:00.907Z,2026-09-17T01:48:04.197Z,-0.7,0.9,9.8,0,0,0,0,-0.2,0,80.9,5.1,3.8,,,,11.055217,76.926996,374.7,0.11,83.48,3.7
2026-09-17T01:48:10.806Z,2026-09-17T01:48:14.106Z,-0.7,0.9,9.8,0,0,0,0,-0.2,0,80.9,5.1,3.8,,,,11.055217,76.926996,374.7,0.11,83.48,3.7
2026-09-17T01:48:18.990Z,2026-09-17T01:48:22.274Z,-0.7,0.9,9.8,0,0,0,0,-0.2,0,80.9,5.1,3.8,,,,11.055217,76.926996,374.7,0.11,83.48,3.7
2026-09-17T11:34:11.417Z,2026-09-17T11:34:14.376Z,0.5,2.3,9.4,0.2,-0.4,-0.1,47.4,-41.4,-3.2,112.5,14.8,-3.4,,,,,,,,,
2026-09-17T11:34:12.416Z,2026-09-17T11:34:15.400Z,0.5,2.3,9.4,0.2,-0.4,-0.1,47.4,-41.4,-3.2,112.5,14.8,-3.4,,,,,,,,,
2026-09-17T11:34:13.418Z,2026-09-17T11:34:16.341Z,0.5,2.3,9.4,0.2,-0.4,-0.1,47.4,-41.4,-3.2,112.5,14.8,-3.4,,,,,,,,,
2026-09-17T11:34:14.416Z,2026-09-17T11:34:17.365Z,0.5,2.3,9.4,0.2,-0.4,-0.1,47.4,-41.4,-3.2,112.5,14.8,-3.4,,,,,,,,,
2026-09-17T11:34:15.415Z,2026-09-17T11:34:18.471Z,0.5,2.3,9.4,0.2,-0.4,-0.1,47.4,-41.4,-3.2,112.5,14.8,-3.4,,,,,,,,,
2026-09-17T11:34:16.415Z,2026-09-17T11:34:19.495Z,0.5,2.3,9.4,0.2,-0.4,-0.1,47.4,-41.4,-3.2,112.5,14.8,-3.4,,,,,,,,,
2026-09-17T11:34:17.420Z,2026-09-17T11:34:20.338Z,0.5,2.3,9.4,0.2,-0.4,-0.1,47.4,-41.4,-3.2,112.5,14.8,-3.4,,,,,,,,,
2026-09-17T11:34:18.413Z,2026-09-17T11:34:21.331Z,0.5,2.3,9.4,0.2,-0.4,-0.1,47.4,-41.4,-3.2,112.5,14.8,-3.4,,,,,,,,,
2026-09-17T11:34:19.418Z,2026-09-17T11:34:22.361Z,0.5,2.3,9.4,0.2,-0.4,-0.1,47.4,-41.4,-3.2,112.5,14.8,-3.4,,,,,,,,,
2026-09-17T11:34:20.418Z,2026-09-17T11:34:23.393Z,0.5,2.3,9.4,0.2,-0.4,-0.1,47.4,-41.4,-3.2,112.5,14.8,-3.4,,,,,,,,,
2026-09-17T11:34:21.417Z,2026-09-17T11:34:24.335Z,0.5,2.3,9.4,0.2,-0.4,-0.1,47.4,-41.4,-3.2,112.5,14.8,-3.4,,,,,,,,,
2026-09-17T11:34:22.419Z,2026-09-17T11:34:25.432Z,0.5,2.3,9.4,0.2,-0.4,-0.1,47.4,-41.4,-3.2,112.5,14.8,-3.4,,,,,,,,,
2026-09-17T11:34:23.418Z,2026-09-17T11:34:26.427Z,0.5,2.3,9.4,0.2,-0.4,-0.1,47.4,-41.4,-3.2,112.5,14.8,-3.4,,,,,,,,,
2026-09-17T11:34:24.418Z,2026-09-17T11:34:27.335Z,0.5,2.3,9.4,0.2,-0.4,-0.1,47.4,-41.4,-3.2,112.5,14.8,-3.4,,,,,,,,,
2026-09-17T11:34:25.418Z,2026-09-17T11:34:28.355Z,0.5,2.3,9.4,0.2,-0.4,-0.1,47.4,-41.4,-3.2,112.5,14.8,-3.4,,,,,,,,,
2026-09-17T11:34:26.407Z,2026-09-17T11:34:29.343Z,0.5,2.3,9.4,0.2,-0.4,-0.1,47.4,-41.4,-3.2,112.5,14.8,-3.4,,,,,,,,,
2026-09-17T11:34:27.414Z,2026-09-17T11:34:30.346Z,0.5,2.3,9.4,0.2,-0.4,-0.1,47.4,-41.4,-3.2,112.5,14.8,-3.4,,,,,,,,,
2026-09-17T11:34:28.417Z,2026-09-17T11:34:31.369Z,0.5,2.3,9.4,0.2,-0.4,-0.1,47.4,-41.4,-3.2,112.5,14.8,-3.4,,,,,,,,,
2026-09-17T11:34:29.418Z,2026-09-17T11:34:32.337Z,0.5,2.3,9.4,0.2,-0.4,-0.1,47.4,-41.4,-3.2,112.5,14.8,-3.4,,,,,,,,,
2026-09-17T11:34:30.418Z,2026-09-17T11:34:33.336Z,0.5,2.3,9.4,0.2,-0.4,-0.1,47.4,-41.4,-3.2,112.5,14.8,-3.4,,,,,,,,,
2026-09-17T11:34:31.417Z,2026-09-17T11:34:34.340Z,0.5,2.3,9.4,0.2,-0.4,-0.1,47.4,-41.4,-3.2,112.5,14.8,-3.4,,,,,,,,,
2026-09-17T11:34:32.419Z,2026-09-17T11:34:35.336Z,0.5,2.3,9.4,0.2,-0.4,-0.1,47.4,-41.4,-3.2,112.5,14.8,-3.4,,,,,,,,,
2026-09-17T11:34:33.418Z,2026-09-17T11:34:36.336Z,0.5,2.3,9.4,0.2,-0.4,-0.1,47.4,-41.4,-3.2,112.5,14.8,-3.4,,,,,,,,,
2026-09-17T11:34:34.418Z,2026-09-17T11:34:37.419Z,0.5,2.3,9.4,0.2,-0.4,-0.1,47.4,-41.4,-3.2,112.5,14.8,-3.4,,,,,,,,,
2026-09-17T11:34:35.417Z,2026-09-17T11:34:38.528Z,0.5,2.3,9.4,0.2,-0.4,-0.1,47.4,-41.4,-3.2,112.5,14.8,-3.4,,,,,,,,,
2026-09-17T11:34:36.419Z,2026-09-17T11:34:39.358Z,0.5,2.3,9.4,0.2,-0.4,-0.1,47.4,-41.4,-3.2,112.5,14.8,-3.4,,,,,,,,,
2026-09-17T11:34:37.408Z,2026-09-17T11:34:40.326Z,0.5,2.3,9.4,0.2,-0.4,-0.1,47.4,-41.4,-3.2,112.5,14.8,-3.4,,,,,,,,,
2026-09-17T11:34:38.417Z,2026-09-17T11:34:41.418Z,0.5,2.3,9.4,0.2,-0.4,-0.1,47.4,-41.4,-3.2,112.5,14.8,-3.4,,,,,,,,,
2026-09-17T11:34:39.418Z,2026-09-17T11:34:42.338Z,0.5,2.3,9.4,0.2,-0.4,-0.1,47.4,-41.4,-3.2,112.5,14.8,-3.4,,,,,,,,,
2026-09-17T11:34:40.418Z,2026-09-17T11:34:43.335Z,0.5,2.3,9.4,0.2,-0.4,-0.1,47.4,-41.4,-3.2,112.5,14.8,-3.4,,,,,,,,,
2026-09-17T11:34:41.409Z,2026-09-17T11:34:44.484Z,0.5,2.3,9.4,0.2,-0.4,-0.1,47.4,-41.4,-3.2,112.5,14.8,-3.4,,,,,,,,,
2026-09-17T11:34:42.417Z,2026-09-17T11:34:45.507Z,0.5,2.3,9.4,0.2,-0.4,-0.1,47.4,-41.4,-3.2,112.5,14.8,-3.4,,,,,,,,,
2026-09-17T11:34:43.409Z,2026-09-17T11:34:46.532Z,0.5,2.3,9.4,0.2,-0.4,-0.1,47.4,-41.4,-3.2,112.5,14.8,-3.4,,,,,,,,,
2026-09-17T11:34:44.418Z,2026-09-17T11:34:47.556Z,0.5,2.3,9.4,0.2,-0.4,-0.1,47.4,-41.4,-3.2,112.5,14.8,-3.4,,,,,,,,,
2026-09-17T11:34:45.418Z,2026-09-17T11:34:48.374Z,0.5,2.3,9.4,0.2,-0.4,-0.1,47.4,-41.4,-3.2,112.5,14.8,-3.4,,,,,,,,,
2026-09-17T11:34:46.419Z,2026-09-17T11:34:49.336Z,0.5,2.3,9.4,0.2,-0.4,-0.1,47.4,-41.4,-3.2,112.5,14.8,-3.4,,,,,,,,,
2026-09-17T11:34:47.413Z,2026-09-17T11:34:50.422Z,0.5,2.3,9.4,0.2,-0.4,-0.1,47.4,-41.4,-3.2,112.5,14.8,-3.4,,,,,,,,,
2026-09-17T11:34:48.417Z,2026-09-17T11:34:51.336Z,0.5,2.3,9.4,0.2,-0.4,-0.1,47.4,-41.4,-3.2,112.5,14.8,-3.4,,,,,,,,,
2026-09-17T11:34:49.418Z,2026-09-17T11:34:52.471Z,0.5,2.3,9.4,0.2,-0.4,-0.1,47.4,-41.4,-3.2,112.5,14.8,-3.4,,,,,,,,,
2026-09-17T11:34:50.410Z,2026-09-17T11:34:53.399Z,0.5,2.3,9.4,0.2,-0.4,-0.1,47.4,-41.4,-3.2,112.5,14.8,-3.4,,,,,,,,,
2026-09-17T11:34:51.417Z,2026-09-17T11:34:54.525Z,0.5,2.3,9.4,0.2,-0.4,-0.1,47.4,-41.4,-3.2,112.5,14.8,-3.4,,,,,,,,,
2026-09-17T11:34:52.417Z,2026-09-17T11:34:55.445Z,0.5,2.3,9.4,0.2,-0.4,-0.1,47.4,-41.4,-3.2,112.5,14.8,-3.4,,,,,,,,,
2026-09-17T11:34:53.409Z,2026-09-17T11:34:56.361Z,0.5,2.3,9.4,0.2,-0.4,-0.1,47.4,-41.4,-3.2,112.5,14.8,-3.4,,,,,,,,,
2026-09-17T11:34:54.419Z,2026-09-17T11:34:57.386Z,0.5,2.3,9.4,0.2,-0.4,-0.1,47.4,-41.4,-3.2,112.5,14.8,-3.4,,,,,,,,,
2026-09-17T11:34:55.418Z,2026-09-17T11:34:58.340Z,0.5,2.3,9.4,0.2,-0.4,-0.1,47.4,-41.4,-3.2,112.5,14.8,-3.4,,,,,,,,,
2026-09-17T11:34:56.418Z,2026-09-17T11:34:59.434Z,0.5,2.3,9.4,0.2,-0.4,-0.1,47.4,-41.4,-3.2,112.5,14.8,-3.4,,,,,,,,,
2026-09-17T11:34:57.418Z,2026-09-17T11:35:00.401Z,0.5,2.3,9.4,0.2,-0.4,-0.1,47.4,-41.4,-3.2,112.5,14.8,-3.4,,,,,,,,,
2026-09-17T11:34:58.443Z,2026-09-17T11:35:01.400Z,0.5,2.3,9.4,0.2,-0.4,-0.1,47.4,-41.4,-3.2,112.5,14.8,-3.4,,,,,,,,,
2026-09-17T11:34:59.418Z,2026-09-17T11:35:02.338Z,0.5,2.3,9.4,0.2,-0.4,-0.1,47.4,-41.4,-3.2,112.5,14.8,-3.4,,,,,,,,,
2026-09-17T11:35:00.418Z,2026-09-17T11:35:03.425Z,0.5,2.3,9.4,0.2,-0.4,-0.1,47.4,-41.4,-3.2,112.5,14.8,-3.4,,,,,,,,,
2026-09-17T11:35:01.417Z,2026-09-17T11:35:04.367Z,0.5,2.3,9.4,0.2,-0.4,-0.1,47.4,-41.4,-3.2,112.5,14.8,-3.4,,,,,,,,,
2026-09-17T11:35:02.416Z,2026-09-17T11:35:05.407Z,0.5,2.3,9.4,0.2,-0.4,-0.1,47.4,-41.4,-3.2,112.5,14.8,-3.4,,,,,,,,,
2026-09-17T11:35:03.418Z,2026-09-17T11:35:06.348Z,0.5,2.3,9.4,0.2,-0.4,-0.1,47.4,-41.4,-3.2,112.5,14.8,-3.4,,,,,,,,,
2026-09-17T11:35:04.418Z,2026-09-17T11:35:07.362Z,0.5,2.3,9.4,0.2,-0.4,-0.1,47.4,-41.4,-3.2,112.5,14.8,-3.4,,,,,,,,,
2026-09-17T11:35:05.412Z,2026-09-17T11:35:08.362Z,0.5,2.3,9.4,0.2,-0.4,-0.1,47.4,-41.4,-3.2,112.5,14.8,-3.4,,,,,,,,,
2026-09-17T11:35:06.418Z,2026-09-17T11:35:09.361Z,0.5,2.3,9.4,0.2,-0.4,-0.1,47.4,-41.4,-3.2,112.5,14.8,-3.4,,,,,,,,,
2026-09-17T11:35:07.415Z,2026-09-17T11:35:10.388Z,0.5,2.3,9.4,0.2,-0.4,-0.1,47.4,-41.4,-3.2,112.5,14.8,-3.4,,,,,,,,,
2026-09-17T11:35:08.419Z,2026-09-17T11:35:11.517Z,0.5,2.3,9.4,0.2,-0.4,-0.1,47.4,-41.4,-3.2,112.5,14.8,-3.4,,,,,,,,,
2026-09-17T11:35:09.418Z,2026-09-17T11:35:12.423Z,0.5,2.3,9.4,0.2,-0.4,-0.1,47.4,-41.4,-3.2,112.5,14.8,-3.4,,,,,,,,,
2026-09-17T11:35:10.419Z,2026-09-17T11:35:13.368Z,0.5,2.3,9.4,0.2,-0.4,-0.1,47.4,-41.4,-3.2,112.5,14.8,-3.4,,,,,,,,,
2026-09-17T11:44:59.687Z,2026-09-17T11:45:02.672Z,0.1,0.2,9.9,0,0,0,0,0,0,94.9,1.3,-0.2,,,,,,,,,
2026-09-17T11:45:00.688Z,2026-09-17T11:45:03.691Z,0.1,0.2,9.9,0,0,0,0,0,0,94.9,1.3,-0.2,,,,,,,,,
2026-09-17T11:45:01.688Z,2026-09-17T11:45:04.819Z,0.1,0.2,9.9,0,0,0,0,0,0,94.9,1.3,-0.2,,,,,,,,,
2026-09-17T11:45:02.688Z,2026-09-17T11:45:05.642Z,0.1,0.2,9.9,0,0,0,0,0,0,94.9,1.3,-0.2,,,,,,,,,
2026-09-17T11:45:03.688Z,2026-09-17T11:45:06.605Z,0.1,0.2,9.9,0,0,0,0,0,0,94.9,1.3,-0.2,,,,,,,,,
2026-09-17T11:45:04.680Z,2026-09-17T11:45:07.692Z,0.1,0.2,9.9,0,0,0,0,0,0,94.9,1.3,-0.2,,,,,,,,,
2026-09-17T11:45:05.679Z,2026-09-17T11:45:08.600Z,0.1,0.2,9.9,0,0,0,0,0,0,94.9,1.3,-0.2,,,,,,,,,
2026-09-17T11:45:06.689Z,2026-09-17T11:45:09.655Z,0.1,0.2,9.9,0,0,0,0,0,0,94.9,1.3,-0.2,,,,,,,,,
2026-09-17T11:45:07.691Z,2026-09-17T11:45:10.762Z,0.1,0.2,9.9,0,0,0,0,0,0,94.9,1.3,-0.2,,,,,,,,,
2026-09-17T11:45:08.681Z,2026-09-17T11:45:11.695Z,0.1,0.2,9.9,0,0,0,0,0,0,94.9,1.3,-0.2,,,,,,,,,
2026-09-17T11:45:09.689Z,2026-09-17T11:45:12.715Z,0.1,0.2,9.9,0,0,0,0,0,0,94.9,1.3,-0.2,,,,,,,,,
2026-09-17T11:45:10.686Z,2026-09-17T11:45:13.629Z,0.1,0.2,9.9,0,0,0,0,0,0,94.9,1.3,-0.2,,,,,,,,,
2026-09-17T11:45:11.688Z,2026-09-17T11:45:14.653Z,0.1,0.2,9.9,0,0,0,0,0,0,94.9,1.3,-0.2,,,,,,,,,
2026-09-17T11:45:12.689Z,2026-09-17T11:45:15.608Z,0.1,0.2,9.9,0,0,0,0,0,0,94.9,1.3,-0.2,,,,,,,,,
2026-09-17T11:45:13.682Z,2026-09-17T11:45:16.713Z,0.1,0.2,9.9,0,0,0,0,0,0,94.9,1.3,-0.2,,,,,,,,,
2026-09-17T11:45:14.688Z,2026-09-17T11:45:17.707Z,0.1,0.2,9.9,0,0,0,0,0,0,94.9,1.3,-0.2,,,,,,,,,
2026-09-17T11:45:15.688Z,2026-09-17T11:45:18.717Z,0.1,0.2,9.9,0,0,0,0,0,0,94.9,1.3,-0.2,,,,,,,,,
2026-09-17T11:45:16.688Z,2026-09-17T11:45:19.773Z,0.1,0.2,9.9,0,0,0,0,0,0,94.9,1.3,-0.2,,,,,,,,,
2026-09-17T11:45:17.686Z,2026-09-17T11:45:20.695Z,0.1,0.2,9.9,0,0,0,0,0,0,94.9,1.3,-0.2,,,,,,,,,
2026-09-17T11:45:18.725Z,2026-09-17T11:45:21.642Z,0.1,0.2,9.9,0,0,0,0,0,0,94.9,1.3,-0.2,,,,,,,,,
2026-09-17T11:45:19.686Z,2026-09-17T11:45:22.644Z,0.1,0.2,9.9,0,0,0,0,0,0,94.9,1.3,-0.2,,,,,,,,,
2026-09-17T11:45:20.689Z,2026-09-17T11:45:23.609Z,0.1,0.2,9.9,0,0,0,0,0,0,94.9,1.3,-0.2,,,,,,,,,
2026-09-17T11:45:21.689Z,2026-09-17T11:45:24.688Z,0.1,0.2,9.9,0,0,0,0,0,0,94.9,1.3,-0.2,,,,,,,,,
2026-09-17T11:45:22.689Z,2026-09-17T11:45:25.710Z,0.1,0.2,9.9,0,0,0,0,0,0,94.9,1.3,-0.2,,,,,,,,,
2026-09-17T11:45:23.687Z,2026-09-17T11:45:26.625Z,0.1,0.2,9.9,0,0,0,0,0,0,94.9,1.3,-0.2,,,,,,,,,
2026-09-17T11:45:24.689Z,2026-09-17T11:45:27.606Z,0.1,0.2,9.9,0,0,0,0,0,0,94.9,1.3,-0.2,,,,,,,,,
2026-09-17T11:45:25.688Z,2026-09-17T11:45:28.607Z,0.1,0.2,9.9,0,0,0,0,0,0,94.9,1.3,-0.2,,,,,,,,,
2026-09-17T11:45:26.688Z,2026-09-17T11:45:29.608Z,0.1,0.2,9.9,0,0,0,0,0,0,94.9,1.3,-0.2,,,,,,,,,
2026-09-17T11:45:27.689Z,2026-09-17T11:45:30.622Z,0.1,0.2,9.9,0,0,0,0,0,0,94.9,1.3,-0.2,,,,,,,,,
2026-09-17T11:45:28.685Z,2026-09-17T11:45:31.650Z,0.1,0.2,9.9,0,0,0,0,0,0,94.9,1.3,-0.2,,,,,,,,,
2026-09-17T11:45:29.685Z,2026-09-17T11:45:32.677Z,0.1,0.2,9.9,0,0,0,0,0,0,94.9,1.3,-0.2,,,,,,,,,
2026-09-17T11:45:30.689Z,2026-09-17T11:45:33.699Z,0.1,0.2,9.9,0,0,0,0,0,0,94.9,1.3,-0.2,,,,,,,,,
2026-09-17T11:45:31.689Z,2026-09-17T11:45:34.625Z,0.1,0.2,9.9,0,0,0,0,0,0,94.9,1.3,-0.2,,,,,,,,,
2026-09-17T11:45:32.689Z,2026-09-17T11:45:35.610Z,0.1,0.2,9.9,0,0,0,0,0,0,94.9,1.3,-0.2,,,,,,,,,
2026-09-17T11:45:33.688Z,2026-09-17T11:45:36.606Z,0.1,0.2,9.9,0,0,0,0,0,0,94.9,1.3,-0.2,,,,,,,,,
2026-09-17T11:45:34.683Z,2026-09-17T11:45:37.601Z,0.1,0.2,9.9,0,0,0,0,0,0,94.9,1.3,-0.2,,,,,,,,,
2026-09-17T11:45:35.689Z,2026-09-17T11:45:38.607Z,0.1,0.2,9.9,0,0,0,0,0,0,94.9,1.3,-0.2,,,,,,,,,
2026-09-17T11:45:36.689Z,2026-09-17T11:45:39.606Z,0.1,0.2,9.9,0,0,0,0,0,0,94.9,1.3,-0.2,,,,,,,,,
2026-09-17T11:45:37.689Z,2026-09-17T11:45:40.663Z,0.1,0.2,9.9,0,0,0,0,0,0,94.9,1.3,-0.2,,,,,,,,,
2026-09-17T11:45:38.686Z,2026-09-17T11:45:41.685Z,0.1,0.2,9.9,0,0,0,0,0,0,94.9,1.3,-0.2,,,,,,,,,
2026-09-17T11:45:39.689Z,2026-09-17T11:45:42.608Z,0.1,0.2,9.9,0,0,0,0,0,0,94.9,1.3,-0.2,,,,,,,,,
2026-09-17T11:45:40.689Z,2026-09-17T11:45:43.627Z,0.1,0.2,9.9,0,0,0,0,0,0,94.9,1.3,-0.2,,,,,,,,,
2026-09-17T11:45:41.689Z,2026-09-17T11:45:44.606Z,0.1,0.2,9.9,0,0,0,0,0,0,94.9,1.3,-0.2,,,,,,,,,
2026-09-17T11:45:42.689Z,2026-09-17T11:45:45.781Z,0.1,0.2,9.9,0,0,0,0,0,0,94.9,1.3,-0.2,,,,,,,,,
2026-09-17T11:45:43.689Z,2026-09-17T11:45:46.607Z,0.1,0.2,9.9,0,0,0,0,0,0,94.9,1.3,-0.2,,,,,,,,,
2026-09-17T11:45:44.689Z,2026-09-17T11:45:47.624Z,0.1,0.2,9.9,0,0,0,0,0,0,94.9,1.3,-0.2,,,,,,,,,
2026-09-17T11:45:45.689Z,2026-09-17T11:45:48.607Z,0.1,0.2,9.9,0,0,0,0,0,0,94.9,1.3,-0.2,,,,,,,,,
2026-09-17T11:45:46.689Z,2026-09-17T11:45:49.607Z,0.1,0.2,9.9,0,0,0,0,0,0,94.9,1.3,-0.2,,,,,,,,,
2026-09-17T11:45:47.689Z,2026-09-17T11:45:50.607Z,0.1,0.2,9.9,0,0,0,0,0,0,94.9,1.3,-0.2,,,,,,,,,
2026-09-17T11:45:48.690Z,2026-09-17T11:45:51.654Z,0.1,0.2,9.9,0,0,0,0,0,0,94.9,1.3,-0.2,,,,,,,,,
2026-09-17T11:45:49.689Z,2026-09-17T11:45:52.750Z,0.1,0.2,9.9,0,0,0,0,0,0,94.9,1.3,-0.2,,,,,,,,,
2026-09-17T11:45:50.688Z,2026-09-17T11:45:53.607Z,0.1,0.2,9.9,0,0,0,0,0,0,94.9,1.3,-0.2,,,,,,,,,
2026-09-17T11:45:51.689Z,2026-09-17T11:45:54.608Z,0.1,0.2,9.9,0,0,0,0,0,0,94.9,1.3,-0.2,,,,,,,,,
2026-09-17T11:45:52.688Z,2026-09-17T11:45:55.817Z,0.1,0.2,9.9,0,0,0,0,0,0,94.9,1.3,-0.2,,,,,,,,,
2026-09-17T11:45:53.689Z,2026-09-17T11:45:56.632Z,0.1,0.2,9.9,0,0,0,0,0,0,94.9,1.3,-0.2,,,,,,,,,
2026-09-17T11:45:54.689Z,2026-09-17T11:45:57.664Z,0.1,0.2,9.9,0,0,0,0,0,0,94.9,1.3,-0.2,,,,,,,,,
2026-09-17T11:45:55.689Z,2026-09-17T11:45:58.703Z,0.1,0.2,9.9,0,0,0,0,0,0,94.9,1.3,-0.2,,,,,,,,,
2026-09-17T11:45:56.689Z,2026-09-17T11:45:59.607Z,0.1,0.2,9.9,0,0,0,0,0,0,94.9,1.3,-0.2,,,,,,,,,
2026-09-17T11:45:57.688Z,2026-09-17T11:46:00.606Z,0.1,0.2,9.9,0,0,0,0,0,0,94.9,1.3,-0.2,,,,,,,,,
2026-09-17T12:10:56.784Z,2026-09-17T12:10:59.712Z,0,0.2,9.9,0,0,0,0,0,-0.1,89,1.3,-0.2,,,,,,,,,
2026-09-17T12:10:56.925Z,2026-09-17T12:10:59.978Z,0,0.2,9.9,0,0,0,0,0,-0.1,89,1.3,-0.2,,,,,,,,,
2026-09-17T12:10:57.153Z,2026-09-17T12:11:00.077Z,0,0.2,9.9,0,0,0,0,0,-0.1,89,1.3,-0.2,,,,,,,,,
2026-09-17T12:10:57.273Z,2026-09-17T12:11:00.200Z,0,0.2,9.9,0,0,0,0,0,-0.1,89,1.3,-0.2,,,,,,,,,
2026-09-17T12:10:57.395Z,2026-09-17T12:11:00.314Z,0,0.2,9.9,0,0,0,0,0,-0.1,89,1.3,-0.2,,,,,,,,,
2026-09-17T12:10:57.510Z,2026-09-17T12:11:00.429Z,0,0.2,9.9,0,0,0,0,0,-0.1,89,1.3,-0.2,,,,,,,,,
2026-09-17T12:10:57.635Z,2026-09-17T12:11:00.553Z,0,0.2,9.9,0,0,0,0,0,-0.1,89,1.3,-0.2,,,,,,,,,
2026-09-17T12:10:57.758Z,2026-09-17T12:11:00.678Z,0,0.2,9.9,0,0,0,0,0,-0.1,89,1.3,-0.2,,,,,,,,,
2026-09-17T12:10:57.879Z,2026-09-17T12:11:00.801Z,0,0.2,9.9,0,0,0,0,0,-0.1,89,1.3,-0.2,,,,,,,,,
2026-09-17T12:10:58.002Z,2026-09-17T12:11:00.922Z,0,0.2,9.9,0,0,0,0,0,-0.1,89,1.3,-0.2,,,,,,,,,
2026-09-17T12:10:58.124Z,2026-09-17T12:11:01.044Z,0,0.2,9.9,0,0,0,0,0,-0.1,89,1.3,-0.2,,,,,,,,,
2026-09-17T12:10:58.248Z,2026-09-17T12:11:01.167Z,0,0.2,9.9,0,0,0,0,0,-0.1,89,1.3,-0.2,,,,,,,,,
2026-09-17T12:10:58.365Z,2026-09-17T12:11:01.285Z,0,0.2,9.9,0,0,0,0,0,-0.1,89,1.3,-0.2,,,,,,,,,
2026-09-17T12:10:58.487Z,2026-09-17T12:11:01.407Z,0,0.2,9.9,0,0,0,0,0,-0.1,89,1.3,-0.2,,,,,,,,,
2026-09-17T12:10:58.611Z,2026-09-17T12:11:01.531Z,0,0.2,9.9,0,0,0,0,0,-0.1,89,1.3,-0.2,,,,,,,,,
2026-09-17T12:10:58.734Z,2026-09-17T12:11:01.654Z,0,0.2,9.9,0,0,0,0,0,-0.1,89,1.3,-0.2,,,,,,,,,
2026-09-17T12:10:58.847Z,2026-09-17T12:11:01.765Z,0,0.2,9.9,0,0,0,0,0,-0.1,89,1.3,-0.2,,,,,,,,,
2026-09-17T12:10:58.972Z,2026-09-17T12:11:01.894Z,0,0.2,9.9,0,0,0,0,0,-0.1,89,1.3,-0.2,,,,,,,,,
2026-09-17T12:10:59.087Z,2026-09-17T12:11:02.015Z,0,0.2,9.9,0,0,0,0,0,-0.1,89,1.3,-0.2,,,,,,,,,
2026-09-17T12:10:59.210Z,2026-09-17T12:11:02.132Z,0,0.2,9.9,0,0,0,0,0,-0.1,89,1.3,-0.2,,,,,,,,,
2026-09-17T12:10:59.333Z,2026-09-17T12:11:02.253Z,0,0.2,9.9,0,0,0,0,0,-0.1,89,1.3,-0.2,,,,,,,,,
2026-09-17T12:10:59.458Z,2026-09-17T12:11:02.380Z,0,0.2,9.9,0,0,0,0,0,-0.1,89,1.3,-0.2,,,,,,,,,
2026-09-17T12:10:59.582Z,2026-09-17T12:11:02.504Z,0,0.2,9.9,0,0,0,0,0,-0.1,89,1.3,-0.2,,,,,,,,,
2026-09-17T12:10:59.701Z,2026-09-17T12:11:02.622Z,0,0.2,9.9,0,0,0,0,0,-0.1,89,1.3,-0.2,,,,,,,,,
2026-09-17T12:10:59.824Z,2026-09-17T12:11:02.744Z,0,0.2,9.9,0,0,0,0,0,-0.1,89,1.3,-0.2,,,,,,,,,
2026-09-17T12:10:59.949Z,2026-09-17T12:11:02.868Z,0,0.2,9.9,0,0,0,0,0,-0.1,89,1.3,-0.2,,,,,,,,,
2026-09-17T12:11:00.071Z,2026-09-17T12:11:02.990Z,0,0.2,9.9,0,0,0,0,0,-0.1,89,1.3,-0.2,,,,,,,,,
2026-09-17T12:11:00.182Z,2026-09-17T12:11:03.101Z,0,0.2,9.9,0,0,0,0,0,-0.1,89,1.3,-0.2,,,,,,,,,
2026-09-17T12:11:00.306Z,2026-09-17T12:11:03.225Z,0,0.2,9.9,0,0,0,0,0,-0.1,89,1.3,-0.2,,,,,,,,,
2026-09-17T12:11:00.429Z,2026-09-17T12:11:03.348Z,0,0.2,9.9,0,0,0,0,0,-0.1,89,1.3,-0.2,,,,,,,,,
2026-09-17T12:11:00.555Z,2026-09-17T12:11:03.478Z,0,0.2,9.9,0,0,0,0,0,-0.1,89,1.3,-0.2,,,,,,,,,
2026-09-17T12:11:00.679Z,2026-09-17T12:11:03.598Z,0,0.2,9.9,0,0,0,0,0,-0.1,89,1.3,-0.2,,,,,,,,,
2026-09-17T12:11:00.803Z,2026-09-17T12:11:03.724Z,0,0.2,9.9,0,0,0,0,0,-0.1,89,1.3,-0.2,,,,,,,,,
2026-09-17T12:11:00.920Z,2026-09-17T12:11:03.842Z,0,0.2,9.9,0,0,0,0,0,-0.1,89,1.3,-0.2,,,,,,,,,
2026-09-17T12:11:01.038Z,2026-09-17T12:11:03.959Z,0,0.2,9.9,0,0,0,0,0,-0.1,89,1.3,-0.2,,,,,,,,,
2026-09-17T12:11:01.162Z,2026-09-17T12:11:04.081Z,0,0.2,9.9,0,0,0,0,0,-0.1,89,1.3,-0.2,,,,,,,,,
2026-09-17T12:11:01.285Z,2026-09-17T12:11:04.203Z,0,0.2,9.9,0,0,0,0,0,-0.1,89,1.3,-0.2,,,,,,,,,
2026-09-17T12:11:01.405Z,2026-09-17T12:11:04.326Z,0,0.2,9.9,0,0,0,0,0,-0.1,89,1.3,-0.2,,,,,,,,,
2026-09-17T12:11:01.514Z,2026-09-17T12:11:04.433Z,0,0.2,9.9,0,0,0,0,0,-0.1,89,1.3,-0.2,,,,,,,,,
2026-09-17T12:11:01.628Z,2026-09-17T12:11:04.546Z,0,0.2,9.9,0,0,0,0,0,-0.1,89,1.3,-0.2,,,,,,,,,
2026-09-17T12:11:01.739Z,2026-09-17T12:11:04.658Z,0,0.2,9.9,0,0,0,0,0,-0.1,89,1.3,-0.2,,,,,,,,,
2026-09-17T12:11:01.861Z,2026-09-17T12:11:04.781Z,0,0.2,9.9,0,0,0,0,0,-0.1,89,1.3,-0.2,,,,,,,,,
2026-09-17T12:11:01.983Z,2026-09-17T12:11:04.902Z,0,0.2,9.9,0,0,0,0,0,-0.1,89,1.3,-0.2,,,,,,,,,
2026-09-17T12:11:02.106Z,2026-09-17T12:11:05.026Z,0,0.2,9.9,0,0,0,0,0,-0.1,89,1.3,-0.2,,,,,,,,,
2026-09-17T12:11:02.227Z,2026-09-17T12:11:05.146Z,0,0.2,9.9,0,0,0,0,0,-0.1,89,1.3,-0.2,,,,,,,,,
2026-09-17T12:11:02.350Z,2026-09-17T12:11:05.269Z,0,0.2,9.9,0,0,0,0,0,-0.1,89,1.3,-0.2,,,,,,,,,
2026-09-17T12:11:02.473Z,2026-09-17T12:11:05.393Z,0,0.2,9.9,0,0,0,0,0,-0.1,89,1.3,-0.2,,,,,,,,,
2026-09-17T12:11:02.597Z,2026-09-17T12:11:05.516Z,0,0.2,9.9,0,0,0,0,0,-0.1,89,1.3,-0.2,,,,,,,,,
2026-09-17T12:11:02.721Z,2026-09-17T12:11:05.642Z,0,0.2,9.9,0,0,0,0,0,-0.1,89,1.3,-0.2,,,,,,,,,
2026-09-17T12:11:02.843Z,2026-09-17T12:11:05.764Z,0,0.2,9.9,0,0,0,0,0,-0.1,89,1.3,-0.2,,,,,,,,,
2026-09-17T12:11:02.967Z,2026-09-17T12:11:05.886Z,0,0.2,9.9,0,0,0,0,0,-0.1,89,1.3,-0.2,,,,,,,,,
2026-09-17T12:11:03.090Z,2026-09-17T12:11:06.008Z,0,0.2,9.9,0,0,0,0,0,-0.1,89,1.3,-0.2,,,,,,,,,
2026-09-17T12:11:03.213Z,2026-09-17T12:11:06.133Z,0,0.2,9.9,0,0,0,0,0,-0.1,89,1.3,-0.2,,,,,,,,,
2026-09-17T12:11:03.337Z,2026-09-17T12:11:06.257Z,0,0.2,9.9,0,0,0,0,0,-0.1,89,1.3,-0.2,,,,,,,,,
2026-09-17T12:11:03.461Z,2026-09-17T12:11:06.380Z,0,0.2,9.9,0,0,0,0,0,-0.1,89,1.3,-0.2,,,,,,,,,
2026-09-17T12:11:03.575Z,2026-09-17T12:11:06.494Z,0,0.2,9.9,0,0,0,0,0,-0.1,89,1.3,-0.2,,,,,,,,,
2026-09-17T12:11:03.689Z,2026-09-17T12:11:06.609Z,0,0.2,9.9,0,0,0,0,0,-0.1,89,1.3,-0.2,,,,,,,,,
2026-09-17T12:11:03.811Z,2026-09-17T12:11:06.729Z,0,0.2,9.9,0,0,0,0,0,-0.1,89,1.3,-0.2,,,,,,,,,
2026-09-17T12:11:03.929Z,2026-09-17T12:11:06.848Z,0,0.2,9.9,0,0,0,0,0,-0.1,89,1.3,-0.2,,,,,,,,,
2026-09-17T12:11:04.054Z,2026-09-17T12:11:06.974Z,0,0.2,9.9,0,0,0,0,0,-0.1,89,1.3,-0.2,,,,,,,,,
2026-09-17T12:11:04.178Z,2026-09-17T12:11:07.098Z,0,0.2,9.9,0,0,0,0,0,-0.1,89,1.3,-0.2,,,,,,,,,
2026-09-17T12:11:04.303Z,2026-09-17T12:11:07.222Z,0,0.2,9.9,0,0,0,0,0,-0.1,89,1.3,-0.2,,,,,,,,,
2026-09-17T12:11:04.428Z,2026-09-17T12:11:07.348Z,0,0.2,9.9,0,0,0,0,0,-0.1,89,1.3,-0.2,,,,,,,,,
2026-09-17T12:11:04.554Z,2026-09-17T12:11:07.475Z,0,0.2,9.9,0,0,0,0,0,-0.1,89,1.3,-0.2,,,,,,,,,
2026-09-17T12:11:04.680Z,2026-09-17T12:11:07.599Z,0,0.2,9.9,0,0,0,0,0,-0.1,89,1.3,-0.2,,,,,,,,,
2026-09-17T12:11:04.806Z,2026-09-17T12:11:07.726Z,0,0.2,9.9,0,0,0,0,0,-0.1,89,1.3,-0.2,,,,,,,,,
2026-09-17T12:11:04.931Z,2026-09-17T12:11:07.850Z,0,0.2,9.9,0,0,0,0,0,-0.1,89,1.3,-0.2,,,,,,,,,
2026-09-17T12:11:05.055Z,2026-09-17T12:11:07.977Z,0,0.2,9.9,0,0,0,0,0,-0.1,89,1.3,-0.2,,,,,,,,,
2026-09-17T12:11:05.180Z,2026-09-17T12:11:08.100Z,0,0.2,9.9,0,0,0,0,0,-0.1,89,1.3,-0.2,,,,,,,,,
2026-09-17T12:11:05.306Z,2026-09-17T12:11:08.225Z,0,0.2,9.9,0,0,0,0,0,-0.1,89,1.3,-0.2,,,,,,,,,
2026-09-17T12:11:05.431Z,2026-09-17T12:11:08.350Z,0,0.2,9.9,0,0,0,0,0,-0.1,89,1.3,-0.2,,,,,,,,,
2026-09-17T12:11:05.557Z,2026-09-17T12:11:08.477Z,0,0.2,9.9,0,0,0,0,0,-0.1,89,1.3,-0.2,,,,,,,,,
2026-09-17T12:11:05.678Z,2026-09-17T12:11:08.597Z,0,0.2,9.9,0,0,0,0,0,-0.1,89,1.3,-0.2,,,,,,,,,
2026-09-17T12:11:05.802Z,2026-09-17T12:11:08.726Z,0,0.2,9.9,0,0,0,0,0,-0.1,89,1.3,-0.2,,,,,,,,,
2026-09-17T12:11:05.927Z,2026-09-17T12:11:08.846Z,0,0.2,9.9,0,0,0,0,0,-0.1,89,1.3,-0.2,,,,,,,,,
2026-09-17T12:11:06.051Z,2026-09-17T12:11:08.971Z,0,0.2,9.9,0,0,0,0,0,-0.1,89,1.3,-0.2,,,,,,,,,
2026-09-17T12:11:06.175Z,2026-09-17T12:11:09.095Z,0,0.2,9.9,0,0,0,0,0,-0.1,89,1.3,-0.2,,,,,,,,,
2026-09-17T12:11:06.300Z,2026-09-17T12:11:09.220Z,0,0.2,9.9,0,0,0,0,0,-0.1,89,1.3,-0.2,,,,,,,,,
2026-09-17T12:11:06.424Z,2026-09-17T12:11:09.347Z,0,0.2,9.9,0,0,0,0,0,-0.1,89,1.3,-0.2,,,,,,,,,
2026-09-17T12:11:06.548Z,2026-09-17T12:11:09.468Z,0,0.2,9.9,0,0,0,0,0,-0.1,89,1.3,-0.2,,,,,,,,,
2026-09-17T12:11:06.676Z,2026-09-17T12:11:09.596Z,0,0.2,9.9,0,0,0,0,0,-0.1,89,1.3,-0.2,,,,,,,,,
2026-09-17T12:11:06.797Z,2026-09-17T12:11:09.716Z,0,0.2,9.9,0,0,0,0,0,-0.1,89,1.3,-0.2,,,,,,,,,
2026-09-17T12:11:06.921Z,2026-09-17T12:11:09.843Z,0,0.2,9.9,0,0,0,0,0,-0.1,89,1.3,-0.2,,,,,,,,,
2026-09-17T12:11:07.039Z,2026-09-17T12:11:09.960Z,0,0.2,9.9,0,0,0,0,0,-0.1,89,1.3,-0.2,,,,,,,,,
2026-09-17T12:11:07.162Z,2026-09-17T12:11:10.082Z,0,0.2,9.9,0,0,0,0,0,-0.1,89,1.3,-0.2,,,,,,,,,
2026-09-17T12:11:07.286Z,2026-09-17T12:11:10.211Z,0,0.2,9.9,0,0,0,0,0,-0.1,89,1.3,-0.2,,,,,,,,,
2026-09-17T12:11:07.409Z,2026-09-17T12:11:10.330Z,0,0.2,9.9,0,0,0,0,0,-0.1,89,1.3,-0.2,,,,,,,,,
2026-09-17T12:11:07.532Z,2026-09-17T12:11:10.451Z,0,0.2,9.9,0,0,0,0,0,-0.1,89,1.3,-0.2,,,,,,,,,
2026-09-17T12:11:07.655Z,2026-09-17T12:11:10.576Z,0,0.2,9.9,0,0,0,0,0,-0.1,89,1.3,-0.2,,,,,,,,,
2026-09-17T12:11:07.779Z,2026-09-17T12:11:10.699Z,0,0.2,9.9,0,0,0,0,0,-0.1,89,1.3,-0.2,,,,,,,,,
2026-09-17T12:11:07.898Z,2026-09-17T12:11:10.828Z,0,0.2,9.9,0,0,0,0,0,-0.1,89,1.3,-0.2,,,,,,,,,
2026-09-17T12:11:08.015Z,2026-09-17T12:11:10.935Z,0,0.2,9.9,0,0,0,0,0,-0.1,89,1.3,-0.2,,,,,,,,,
2026-09-17T12:11:08.140Z,2026-09-17T12:11:11.060Z,0,0.2,9.9,0,0,0,0,0,-0.1,89,1.3,-0.2,,,,,,,,,
2026-09-17T12:11:08.265Z,2026-09-17T12:11:11.185Z,0,0.2,9.9,0,0,0,0,0,-0.1,89,1.3,-0.2,,,,,,,,,
2026-09-17T12:11:08.391Z,2026-09-17T12:11:11.311Z,0,0.2,9.9,0,0,0,0,0,-0.1,89,1.3,-0.2,,,,,,,,,
2026-09-17T12:11:08.515Z,2026-09-17T12:11:11.435Z,0,0.2,9.9,0,0,0,0,0,-0.1,89,1.3,-0.2,,,,,,,,,
2026-09-17T12:11:08.640Z,2026-09-17T12:11:11.561Z,0,0.2,9.9,0,0,0,0,0,-0.1,89,1.3,-0.2,,,,,,,,,
2026-09-17T12:11:08.758Z,2026-09-17T12:11:11.678Z,0,0.2,9.9,0,0,0,0,0,-0.1,89,1.3,-0.2,,,,,,,,,
2026-09-17T12:11:08.882Z,2026-09-17T12:11:11.802Z,0,0.2,9.9,0,0,0,0,0,-0.1,89,1.3,-0.2,,,,,,,,,
2026-09-17T12:11:09.007Z,2026-09-17T12:11:11.926Z,0,0.2,9.9,0,0,0,0,0,-0.1,89,1.3,-0.2,,,,,,,,,
2026-09-17T12:11:09.121Z,2026-09-17T12:11:12.043Z,0,0.2,9.9,0,0,0,0,0,-0.1,89,1.3,-0.2,,,,,,,,,
2026-09-17T12:11:09.245Z,2026-09-17T12:11:12.167Z,0,0.2,9.9,0,0,0,0,0,-0.1,89,1.3,-0.2,,,,,,,,,
2026-09-17T12:11:09.368Z,2026-09-17T12:11:12.291Z,0,0.2,9.9,0,0,0,0,0,-0.1,89,1.3,-0.2,,,,,,,,,
2026-09-17T12:11:09.484Z,2026-09-17T12:11:12.403Z,0,0.2,9.9,0,0,0,0,0,-0.1,89,1.3,-0.2,,,,,,,,,
2026-09-17T12:11:09.603Z,2026-09-17T12:11:12.524Z,0,0.2,9.9,0,0,0,0,0,-0.1,89,1.3,-0.2,,,,,,,,,
2026-09-17T12:11:09.728Z,2026-09-17T12:11:12.648Z,0,0.2,9.9,0,0,0,0,0,-0.1,89,1.3,-0.2,,,,,,,,,
2026-09-17T12:11:09.853Z,2026-09-17T12:11:12.776Z,0,0.2,9.9,0,0,0,0,0,-0.1,89,1.3,-0.2,,,,,,,,,
2026-09-17T12:11:09.971Z,2026-09-17T12:11:12.893Z,0,0.2,9.9,0,0,0,0,0,-0.1,89,1.3,-0.2,,,,,,,,,
2026-09-17T12:11:10.092Z,2026-09-17T12:11:13.011Z,0,0.2,9.9,0,0,0,0,0,-0.1,89,1.3,-0.2,,,,,,,,,
2026-09-17T12:11:10.217Z,2026-09-17T12:11:13.137Z,0,0.2,9.9,0,0,0,0,0,-0.1,89,1.3,-0.2,,,,,,,,,
2026-09-17T12:11:10.341Z,2026-09-17T12:11:13.261Z,0,0.2,9.9,0,0,0,0,0,-0.1,89,1.3,-0.2,,,,,,,,,
2026-09-17T12:11:10.462Z,2026-09-17T12:11:13.382Z,0,0.2,9.9,0,0,0,0,0,-0.1,89,1.3,-0.2,,,,,,,,,
2026-09-17T12:11:10.585Z,2026-09-17T12:11:13.509Z,0,0.2,9.9,0,0,0,0,0,-0.1,89,1.3,-0.2,,,,,,,,,
2026-09-17T12:11:10.707Z,2026-09-17T12:11:13.626Z,0,0.2,9.9,0,0,0,0,0,-0.1,89,1.3,-0.2,,,,,,,,,
2026-09-17T12:11:10.831Z,2026-09-17T12:11:13.752Z,0,0.2,9.9,0,0,0,0,0,-0.1,89,1.3,-0.2,,,,,,,,,
2026-09-17T12:11:10.953Z,2026-09-17T12:11:13.875Z,0,0.2,9.9,0,0,0,0,0,-0.1,89,1.3,-0.2,,,,,,,,,
2026-09-17T12:11:11.077Z,2026-09-17T12:11:13.996Z,0,0.2,9.9,0,0,0,0,0,-0.1,89,1.3,-0.2,,,,,,,,,
2026-09-17T12:11:11.202Z,2026-09-17T12:11:14.121Z,0,0.2,9.9,0,0,0,0,0,-0.1,89,1.3,-0.2,,,,,,,,,
2026-09-17T12:11:11.326Z,2026-09-17T12:11:14.244Z,0,0.2,9.9,0,0,0,0,0,-0.1,89,1.3,-0.2,,,,,,,,,
2026-09-17T12:11:11.450Z,2026-09-17T12:11:14.369Z,0,0.2,9.9,0,0,0,0,0,-0.1,89,1.3,-0.2,,,,,,,,,
2026-09-17T12:11:11.573Z,2026-09-17T12:11:14.494Z,0,0.2,9.9,0,0,0,0,0,-0.1,89,1.3,-0.2,,,,,,,,,
2026-09-17T12:11:11.697Z,2026-09-17T12:11:14.616Z,0,0.2,9.9,0,0,0,0,0,-0.1,89,1.3,-0.2,,,,,,,,,
2026-09-17T12:11:11.820Z,2026-09-17T12:11:14.739Z,0,0.2,9.9,0,0,0,0,0,-0.1,89,1.3,-0.2,,,,,,,,,
2026-09-17T12:11:11.944Z,2026-09-17T12:11:14.864Z,0,0.2,9.9,0,0,0,0,0,-0.1,89,1.3,-0.2,,,,,,,,,
2026-09-17T12:11:12.068Z,2026-09-17T12:11:14.988Z,0,0.2,9.9,0,0,0,0,0,-0.1,89,1.3,-0.2,,,,,,,,,
2026-09-17T12:11:12.187Z,2026-09-17T12:11:15.107Z,0,0.2,9.9,0,0,0,0,0,-0.1,89,1.3,-0.2,,,,,,,,,
2026-09-17T12:11:12.310Z,2026-09-17T12:11:15.230Z,0,0.2,9.9,0,0,0,0,0,-0.1,89,1.3,-0.2,,,,,,,,,
2026-09-17T12:11:12.433Z,2026-09-17T12:11:15.352Z,0,0.2,9.9,0,0,0,0,0,-0.1,89,1.3,-0.2,,,,,,,,,
2026-09-17T12:11:12.557Z,2026-09-17T12:11:15.481Z,0,0.2,9.9,0,0,0,0,0,-0.1,89,1.3,-0.2,,,,,,,,,
2026-09-17T12:11:12.679Z,2026-09-17T12:11:15.599Z,0,0.2,9.9,0,0,0,0,0,-0.1,89,1.3,-0.2,,,,,,,,,
2026-09-17T12:11:12.803Z,2026-09-17T12:11:15.726Z,0,0.2,9.9,0,0,0,0,0,-0.1,89,1.3,-0.2,,,,,,,,,
2026-09-17T12:11:12.928Z,2026-09-17T12:11:15.848Z,0,0.2,9.9,0,0,0,0,0,-0.1,89,1.3,-0.2,,,,,,,,,
2026-09-17T12:11:13.051Z,2026-09-17T12:11:15.971Z,0,0.2,9.9,0,0,0,0,0,-0.1,89,1.3,-0.2,,,,,,,,,
2026-09-17T12:11:13.175Z,2026-09-17T12:11:16.094Z,0,0.2,9.9,0,0,0,0,0,-0.1,89,1.3,-0.2,,,,,,,,,
2026-09-17T12:11:13.299Z,2026-09-17T12:11:16.219Z,0,0.2,9.9,0,0,0,0,0,-0.1,89,1.3,-0.2,,,,,,,,,
2026-09-17T12:11:13.424Z,2026-09-17T12:11:16.344Z,0,0.2,9.9,0,0,0,0,0,-0.1,89,1.3,-0.2,,,,,,,,,
2026-09-17T12:11:13.548Z,2026-09-17T12:11:16.468Z,0,0.2,9.9,0,0,0,0,0,-0.1,89,1.3,-0.2,,,,,,,,,
2026-09-17T12:11:13.672Z,2026-09-17T12:11:16.593Z,0,0.2,9.9,0,0,0,0,0,-0.1,89,1.3,-0.2,,,,,,,,,
2026-09-17T12:11:13.795Z,2026-09-17T12:11:16.715Z,0,0.2,9.9,0,0,0,0,0,-0.1,89,1.3,-0.2,,,,,,,,,
2026-09-17T12:11:13.919Z,2026-09-17T12:11:16.838Z,0,0.2,9.9,0,0,0,0,0,-0.1,89,1.3,-0.2,,,,,,,,,
2026-09-17T12:11:14.042Z,2026-09-17T12:11:16.962Z,0,0.2,9.9,0,0,0,0,0,-0.1,89,1.3,-0.2,,,,,,,,,
2026-09-17T12:11:14.166Z,2026-09-17T12:11:17.086Z,0,0.2,9.9,0,0,0,0,0,-0.1,89,1.3,-0.2,,,,,,,,,
2026-09-17T12:11:14.291Z,2026-09-17T12:11:17.212Z,0,0.2,9.9,0,0,0,0,0,-0.1,89,1.3,-0.2,,,,,,,,,
2026-09-17T12:11:14.415Z,2026-09-17T12:11:17.336Z,0,0.2,9.9,0,0,0,0,0,-0.1,89,1.3,-0.2,,,,,,,,,
2026-09-17T12:11:14.537Z,2026-09-17T12:11:17.458Z,0,0.2,9.9,0,0,0,0,0,-0.1,89,1.3,-0.2,,,,,,,,,
2026-09-17T12:11:14.662Z,2026-09-17T12:11:17.582Z,0,0.2,9.9,0,0,0,0,0,-0.1,89,1.3,-0.2,,,,,,,,,
2026-09-17T12:11:14.786Z,2026-09-17T12:11:17.709Z,0,0.2,9.9,0,0,0,0,0,-0.1,89,1.3,-0.2,,,,,,,,,
2026-09-17T12:11:14.904Z,2026-09-17T12:11:17.826Z,0,0.2,9.9,0,0,0,0,0,-0.1,89,1.3,-0.2,,,,,,,,,
2026-09-17T12:11:15.028Z,2026-09-17T12:11:17.948Z,0,0.2,9.9,0,0,0,0,0,-0.1,89,1.3,-0.2,,,,,,,,,
2026-09-17T12:11:15.152Z,2026-09-17T12:11:18.074Z,0,0.2,9.9,0,0,0,0,0,-0.1,89,1.3,-0.2,,,,,,,,,
2026-09-17T12:11:15.278Z,2026-09-17T12:11:18.197Z,0,0.2,9.9,0,0,0,0,0,-0.1,89,1.3,-0.2,,,,,,,,,
2026-09-17T12:11:15.403Z,2026-09-17T12:11:18.324Z,0,0.2,9.9,0,0,0,0,0,-0.1,89,1.3,-0.2,,,,,,,,,
2026-09-17T12:11:15.529Z,2026-09-17T12:11:18.453Z,0,0.2,9.9,0,0,0,0,0,-0.1,89,1.3,-0.2,,,,,,,,,
2026-09-17T12:11:15.654Z,2026-09-17T12:11:18.574Z,0,0.2,9.9,0,0,0,0,0,-0.1,89,1.3,-0.2,,,,,,,,,
2026-09-17T12:11:15.778Z,2026-09-17T12:11:18.701Z,0,0.2,9.9,0,0,0,0,0,-0.1,89,1.3,-0.2,,,,,,,,,
2026-09-17T12:11:15.902Z,2026-09-17T12:11:18.824Z,0,0.2,9.9,0,0,0,0,0,-0.1,89,1.3,-0.2,,,,,,,,,
2026-09-17T12:11:16.027Z,2026-09-17T12:11:18.947Z,0,0.2,9.9,0,0,0,0,0,-0.1,89,1.3,-0.2,,,,,,,,,
2026-09-17T12:11:16.151Z,2026-09-17T12:11:19.070Z,0,0.2,9.9,0,0,0,0,0,-0.1,89,1.3,-0.2,,,,,,,,,
2026-09-17T12:11:16.276Z,2026-09-17T12:11:19.198Z,0,0.2,9.9,0,0,0,0,0,-0.1,89,1.3,-0.2,,,,,,,,,
2026-09-17T12:11:16.400Z,2026-09-17T12:11:19.318Z,0,0.2,9.9,0,0,0,0,0,-0.1,89,1.3,-0.2,,,,,,,,,
2026-09-17T12:11:16.523Z,2026-09-17T12:11:19.443Z,0,0.2,9.9,0,0,0,0,0,-0.1,89,1.3,-0.2,,,,,,,,,
2026-09-17T12:11:16.648Z,2026-09-17T12:11:19.566Z,0,0.2,9.9,0,0,0,0,0,-0.1,89,1.3,-0.2,,,,,,,,,
2026-09-17T12:11:16.771Z,2026-09-17T12:11:19.693Z,0,0.2,9.9,0,0,0,0,0,-0.1,89,1.3,-0.2,,,,,,,,,
2026-09-17T12:11:16.895Z,2026-09-17T12:11:19.814Z,0,0.2,9.9,0,0,0,0,0,-0.1,89,1.3,-0.2,,,,,,,,,
2026-09-17T12:11:17.018Z,2026-09-17T12:11:19.946Z,0,0.2,9.9,0,0,0,0,0,-0.1,89,1.3,-0.2,,,,,,,,,
2026-09-17T12:11:17.143Z,2026-09-17T12:11:20.063Z,0,0.2,9.9,0,0,0,0,0,-0.1,89,1.3,-0.2,,,,,,,,,
2026-09-17T12:11:17.266Z,2026-09-17T12:11:20.185Z,0,0.2,9.9,0,0,0,0,0,-0.1,89,1.3,-0.2,,,,,,,,,
2026-09-17T12:11:17.390Z,2026-09-17T12:11:20.310Z,0,0.2,9.9,0,0,0,0,0,-0.1,89,1.3,-0.2,,,,,,,,,
2026-09-17T12:11:17.504Z,2026-09-17T12:11:20.423Z,0,0.2,9.9,0,0,0,0,0,-0.1,89,1.3,-0.2,,,,,,,,,
2026-09-17T12:11:17.628Z,2026-09-17T12:11:20.547Z,0,0.2,9.9,0,0,0,0,0,-0.1,89,1.3,-0.2,,,,,,,,,
2026-09-17T12:11:17.746Z,2026-09-17T12:11:20.664Z,0,0.2,9.9,0,0,0,0,0,-0.1,89,1.3,-0.2,,,,,,,,,
2026-09-17T12:11:17.870Z,2026-09-17T12:11:20.790Z,0,0.2,9.9,0,0,0,0,0,-0.1,89,1.3,-0.2,,,,,,,,,
2026-09-17T12:11:17.999Z,2026-09-17T12:11:20.917Z,0,0.2,9.9,0,0,0,0,0,-0.1,89,1.3,-0.2,,,,,,,,,
2026-09-17T12:11:18.123Z,2026-09-17T12:11:21.042Z,0,0.2,9.9,0,0,0,0,0,-0.1,89,1.3,-0.2,,,,,,,,,
2026-09-17T12:11:18.247Z,2026-09-17T12:11:21.169Z,0,0.2,9.9,0,0,0,0,0,-0.1,89,1.3,-0.2,,,,,,,,,
2026-09-17T12:11:18.371Z,2026-09-17T12:11:21.291Z,0,0.2,9.9,0,0,0,0,0,-0.1,89,1.3,-0.2,,,,,,,,,
2026-09-17T12:11:18.495Z,2026-09-17T12:11:21.418Z,0,0.2,9.9,0,0,0,0,0,-0.1,89,1.3,-0.2,,,,,,,,,
2026-09-17T12:11:18.620Z,2026-09-17T12:11:21.539Z,0,0.2,9.9,0,0,0,0,0,-0.1,89,1.3,-0.2,,,,,,,,,
2026-09-17T12:11:18.744Z,2026-09-17T12:11:21.671Z,0,0.2,9.9,0,0,0,0,0,-0.1,89,1.3,-0.2,,,,,,,,,
2026-09-17T12:11:18.868Z,2026-09-17T12:11:21.788Z,0,0.2,9.9,0,0,0,0,0,-0.1,89,1.3,-0.2,,,,,,,,,
2026-09-17T12:11:18.992Z,2026-09-17T12:11:21.912Z,0,0.2,9.9,0,0,0,0,0,-0.1,89,1.3,-0.2,,,,,,,,,
2026-09-17T12:11:19.116Z,2026-09-17T12:11:22.035Z,0,0.2,9.9,0,0,0,0,0,-0.1,89,1.3,-0.2,,,,,,,,,
2026-09-17T12:11:19.241Z,2026-09-17T12:11:22.163Z,0,0.2,9.9,0,0,0,0,0,-0.1,89,1.3,-0.2,,,,,,,,,
2026-09-17T12:11:19.365Z,2026-09-17T12:11:22.285Z,0,0.2,9.9,0,0,0,0,0,-0.1,89,1.3,-0.2,,,,,,,,,
2026-09-17T12:11:19.488Z,2026-09-17T12:11:22.414Z,0,0.2,9.9,0,0,0,0,0,-0.1,89,1.3,-0.2,,,,,,,,,
2026-09-17T12:11:19.611Z,2026-09-17T12:11:22.536Z,0,0.2,9.9,0,0,0,0,0,-0.1,89,1.3,-0.2,,,,,,,,,
2026-09-17T12:11:19.735Z,2026-09-17T12:11:22.655Z,0,0.2,9.9,0,0,0,0,0,-0.1,89,1.3,-0.2,,,,,,,,,
2026-09-17T12:11:19.858Z,2026-09-17T12:11:22.779Z,0,0.2,9.9,0,0,0,0,0,-0.1,89,1.3,-0.2,,,,,,,,,
2026-09-17T12:11:19.982Z,2026-09-17T12:11:22.904Z,0,0.2,9.9,0,0,0,0,0,-0.1,89,1.3,-0.2,,,,,,,,,
2026-09-17T12:11:20.106Z,2026-09-17T12:11:23.025Z,0,0.2,9.9,0,0,0,0,0,-0.1,89,1.3,-0.2,,,,,,,,,
2026-09-17T12:11:20.230Z,2026-09-17T12:11:23.150Z,0,0.2,9.9,0,0,0,0,0,-0.1,89,1.3,-0.2,,,,,,,,,
2026-09-17T12:11:20.354Z,2026-09-17T12:11:23.277Z,0,0.2,9.9,0,0,0,0,0,-0.1,89,1.3,-0.2,,,,,,,,,
2026-09-17T12:11:20.478Z,2026-09-17T12:11:23.397Z,0,0.2,9.9,0,0,0,0,0,-0.1,89,1.3,-0.2,,,,,,,,,
2026-09-17T12:11:20.601Z,2026-09-17T12:11:23.521Z,0,0.2,9.9,0,0,0,0,0,-0.1,89,1.3,-0.2,,,,,,,,,
2026-09-17T12:11:20.722Z,2026-09-17T12:11:23.642Z,0,0.2,9.9,0,0,0,0,0,-0.1,89,1.3,-0.2,,,,,,,,,
2026-09-17T12:11:20.839Z,2026-09-17T12:11:23.759Z,0,0.2,9.9,0,0,0,0,0,-0.1,89,1.3,-0.2,,,,,,,,,
2026-09-17T12:11:20.964Z,2026-09-17T12:11:23.884Z,0,0.2,9.9,0,0,0,0,0,-0.1,89,1.3,-0.2,,,,,,,,,
2026-09-17T12:11:21.088Z,2026-09-17T12:11:24.009Z,0,0.2,9.9,0,0,0,0,0,-0.1,89,1.3,-0.2,,,,,,,,,
2026-09-17T12:11:21.212Z,2026-09-17T12:11:24.132Z,0,0.2,9.9,0,0,0,0,0,-0.1,89,1.3,-0.2,,,,,,,,,
2026-09-17T12:11:21.336Z,2026-09-17T12:11:24.262Z,0,0.2,9.9,0,0,0,0,0,-0.1,89,1.3,-0.2,,,,,,,,,
2026-09-17T12:11:21.460Z,2026-09-17T12:11:24.383Z,0,0.2,9.9,0,0,0,0,0,-0.1,89,1.3,-0.2,,,,,,,,,
2026-09-17T12:11:21.587Z,2026-09-17T12:11:24.506Z,0,0.2,9.9,0,0,0,0,0,-0.1,89,1.3,-0.2,,,,,,,,,
2026-09-17T12:11:21.711Z,2026-09-17T12:11:24.630Z,0,0.2,9.9,0,0,0,0,0,-0.1,89,1.3,-0.2,,,,,,,,,
2026-09-17T12:11:21.837Z,2026-09-17T12:11:24.760Z,0,0.2,9.9,0,0,0,0,0,-0.1,89,1.3,-0.2,,,,,,,,,
2026-09-17T12:11:21.954Z,2026-09-17T12:11:24.873Z,0,0.2,9.9,0,0,0,0,0,-0.1,89,1.3,-0.2,,,,,,,,,
2026-09-17T12:11:22.116Z,2026-09-17T12:11:25.050Z,0,0.2,9.9,0,0,0,0,0,-0.1,89,1.3,-0.2,,,,,,,,,
2026-09-17T12:11:22.287Z,2026-09-17T12:11:25.275Z,0,0.2,9.9,0,0,0,0,0,-0.1,89,1.3,-0.2,,,,,,,,,
2026-09-17T12:11:22.401Z,2026-09-17T12:11:25.319Z,0,0.2,9.9,0,0,0,0,0,-0.1,89,1.3,-0.2,,,,,,,,,
2026-09-17T12:11:22.513Z,2026-09-17T12:11:25.458Z,0,0.2,9.9,0,0,0,0,0,-0.1,89,1.3,-0.2,,,,,,,,,
2026-09-17T12:11:22.633Z,2026-09-17T12:11:25.552Z,0,0.2,9.9,0,0,0,0,0,-0.1,89,1.3,-0.2,,,,,,,,,
2026-09-17T12:11:22.747Z,2026-09-17T12:11:25.666Z,0,0.2,9.9,0,0,0,0,0,-0.1,89,1.3,-0.2,,,,,,,,,
2026-09-17T12:11:22.865Z,2026-09-17T12:11:25.784Z,0,0.2,9.9,0,0,0,0,0,-0.1,89,1.3,-0.2,,,,,,,,,
2026-09-17T12:11:22.974Z,2026-09-17T12:11:25.892Z,0,0.2,9.9,0,0,0,0,0,-0.1,89,1.3,-0.2,,,,,,,,,
2026-09-17T12:11:23.095Z,2026-09-17T12:11:26.015Z,0,0.2,9.9,0,0,0,0,0,-0.1,89,1.3,-0.2,,,,,,,,,
2026-09-17T12:11:23.215Z,2026-09-17T12:11:26.134Z,0,0.2,9.9,0,0,0,0,0,-0.1,89,1.3,-0.2,,,,,,,,,
2026-09-17T12:11:23.337Z,2026-09-17T12:11:26.257Z,0,0.2,9.9,0,0,0,0,0,-0.1,89,1.3,-0.2,,,,,,,,,
2026-09-17T12:11:23.455Z,2026-09-17T12:11:26.378Z,0,0.2,9.9,0,0,0,0,0,-0.1,89,1.3,-0.2,,,,,,,,,
2026-09-17T12:11:23.578Z,2026-09-17T12:11:26.497Z,0,0.2,9.9,0,0,0,0,0,-0.1,89,1.3,-0.2,,,,,,,,,
2026-09-17T12:11:23.689Z,2026-09-17T12:11:26.608Z,0,0.2,9.9,0,0,0,0,0,-0.1,89,1.3,-0.2,,,,,,,,,
2026-09-17T12:11:56.041Z,2026-09-17T12:11:58.960Z,0.1,0.2,9.9,0,0,0,0,0,0,90,1.3,-0.2,,,,,,,,,
2026-09-17T12:11:57.042Z,2026-09-17T12:11:59.970Z,0.1,0.2,9.9,0,0,0,0,0,0,90,1.3,-0.2,,,,,,,,,
2026-09-17T12:11:58.042Z,2026-09-17T12:12:00.962Z,0.1,0.2,9.9,0,0,0,0,0,0,90,1.3,-0.2,,,,,,,,,
2026-09-17T12:11:59.042Z,2026-09-17T12:12:01.962Z,0.1,0.2,9.9,0,0,0,0,0,0,90,1.3,-0.2,,,,,,,,,
2026-09-17T12:12:00.044Z,2026-09-17T12:12:02.973Z,0.1,0.2,9.9,0,0,0,0,0,0,90,1.3,-0.2,,,,,,,,,
2026-09-17T12:12:01.044Z,2026-09-17T12:12:03.963Z,0.1,0.2,9.9,0,0,0,0,0,0,90,1.3,-0.2,,,,,,,,,
2026-09-17T12:12:02.045Z,2026-09-17T12:12:04.965Z,0.1,0.2,9.9,0,0,0,0,0,0,90,1.3,-0.2,,,,,,,,,
2026-09-17T12:12:03.045Z,2026-09-17T12:12:05.969Z,0.1,0.2,9.9,0,0,0,0,0,0,90,1.3,-0.2,,,,,,,,,
2026-09-17T12:12:04.043Z,2026-09-17T12:12:06.972Z,0.1,0.2,9.9,0,0,0,0,0,0,90,1.3,-0.2,,,,,,,,,
2026-09-17T12:12:05.038Z,2026-09-17T12:12:07.964Z,0.1,0.2,9.9,0,0,0,0,0,0,90,1.3,-0.2,,,,,,,,,
2026-09-17T12:12:06.039Z,2026-09-17T12:12:08.959Z,0.1,0.2,9.9,0,0,0,0,0,0,90,1.3,-0.2,,,,,,,,,
2026-09-17T12:12:07.043Z,2026-09-17T12:12:09.970Z,0.1,0.2,9.9,0,0,0,0,0,0,90,1.3,-0.2,,,,,,,,,
2026-09-17T12:12:08.043Z,2026-09-17T12:12:10.964Z,0.1,0.2,9.9,0,0,0,0,0,0,90,1.3,-0.2,,,,,,,,,
2026-09-17T12:12:09.043Z,2026-09-17T12:12:11.963Z,0.1,0.2,9.9,0,0,0,0,0,0,90,1.3,-0.2,,,,,,,,,
2026-09-17T12:12:10.045Z,2026-09-17T12:12:12.976Z,0.1,0.2,9.9,0,0,0,0,0,0,90,1.3,-0.2,,,,,,,,,
2026-09-17T12:12:11.044Z,2026-09-17T12:12:13.964Z,0.1,0.2,9.9,0,0,0,0,0,0,90,1.3,-0.2,,,,,,,,,
2026-09-17T12:12:12.044Z,2026-09-17T12:12:14.974Z,0.1,0.2,9.9,0,0,0,0,0,0,90,1.3,-0.2,,,,,,,,,
2026-09-17T12:12:13.039Z,2026-09-17T12:12:15.959Z,0.1,0.2,9.9,0,0,0,0,0,0,90,1.3,-0.2,,,,,,,,,
2026-09-17T12:12:14.037Z,2026-09-17T12:12:16.961Z,0.1,0.2,9.9,0,0,0,0,0,0,90,1.3,-0.2,,,,,,,,,
2026-09-17T12:12:15.042Z,2026-09-17T12:12:17.964Z,0.1,0.2,9.9,0,0,0,0,0,0,90,1.3,-0.2,,,,,,,,,
2026-09-17T12:12:16.044Z,2026-09-17T12:12:18.965Z,0.1,0.2,9.9,0,0,0,0,0,0,90,1.3,-0.2,,,,,,,,,
2026-09-17T12:12:17.044Z,2026-09-17T12:12:20.040Z,0.1,0.2,9.9,0,0,0,0,0,0,90,1.3,-0.2,,,,,,,,,
2026-09-17T12:12:18.034Z,2026-09-17T12:12:20.964Z,0.1,0.2,9.9,0,0,0,0,0,0,90,1.3,-0.2,,,,,,,,,
2026-09-17T12:12:19.040Z,2026-09-17T12:12:21.960Z,0.1,0.2,9.9,0,0,0,0,0,0,90,1.3,-0.2,,,,,,,,,
2026-09-17T12:12:20.037Z,2026-09-17T12:12:22.960Z,0.1,0.2,9.9,0,0,0,0,0,0,90,1.3,-0.2,,,,,,,,,
2026-09-17T12:12:21.044Z,2026-09-17T12:12:23.970Z,0.1,0.2,9.9,0,0,0,0,0,0,90,1.3,-0.2,,,,,,,,,
2026-09-17T12:12:22.035Z,2026-09-17T12:12:24.979Z,0.1,0.2,9.9,0,0,0,0,0,0,90,1.3,-0.2,,,,,,,,,
2026-09-17T12:12:23.045Z,2026-09-17T12:12:25.991Z,0.1,0.2,9.9,0,0,0,0,0,0,90,1.3,-0.2,,,,,,,,,
2026-09-17T12:12:24.045Z,2026-09-17T12:12:26.970Z,0.1,0.2,9.9,0,0,0,0,0,0,90,1.3,-0.2,,,,,,,,,
2026-09-17T12:12:25.045Z,2026-09-17T12:12:28.036Z,0.1,0.2,9.9,0,0,0,0,0,0,90,1.3,-0.2,,,,,,,,,
2026-09-17T12:12:26.044Z,2026-09-17T12:12:28.999Z,0.1,0.2,9.9,0,0,0,0,0,0,90,1.3,-0.2,,,,,,,,,
2026-09-17T12:12:27.044Z,2026-09-17T12:12:29.964Z,0.1,0.2,9.9,0,0,0,0,0,0,90,1.3,-0.2,,,,,,,,,
2026-09-17T12:12:28.044Z,2026-09-17T12:12:30.975Z,0.1,0.2,9.9,0,0,0,0,0,0,90,1.3,-0.2,,,,,,,,,
2026-09-17T12:12:29.044Z,2026-09-17T12:12:31.965Z,0.1,0.2,9.9,0,0,0,0,0,0,90,1.3,-0.2,,,,,,,,,
2026-09-17T12:12:30.044Z,2026-09-17T12:12:32.963Z,0.1,0.2,9.9,0,0,0,0,0,0,90,1.3,-0.2,,,,,,,,,
2026-09-17T12:12:31.044Z,2026-09-17T12:12:33.964Z,0.1,0.2,9.9,0,0,0,0,0,0,90,1.3,-0.2,,,,,,,,,
2026-09-17T12:12:32.039Z,2026-09-17T12:12:34.958Z,0.1,0.2,9.9,0,0,0,0,0,0,90,1.3,-0.2,,,,,,,,,
2026-09-17T12:12:33.040Z,2026-09-17T12:12:35.961Z,0.1,0.2,9.9,0,0,0,0,0,0,90,1.3,-0.2,,,,,,,,,
2026-09-17T12:12:34.044Z,2026-09-17T12:12:36.970Z,0.1,0.2,9.9,0,0,0,0,0,0,90,1.3,-0.2,,,,,,,,,
2026-09-17T12:12:35.044Z,2026-09-17T12:12:37.974Z,0.1,0.2,9.9,0,0,0,0,0,0,90,1.3,-0.2,,,,,,,,,
2026-09-17T12:12:36.045Z,2026-09-17T12:12:38.967Z,0.1,0.2,9.9,0,0,0,0,0,0,90,1.3,-0.2,,,,,,,,,
2026-09-17T12:12:37.044Z,2026-09-17T12:12:39.966Z,0.1,0.2,9.9,0,0,0,0,0,0,90,1.3,-0.2,,,,,,,,,
2026-09-17T12:12:38.045Z,2026-09-17T12:12:40.974Z,0.1,0.2,9.9,0,0,0,0,0,0,90,1.3,-0.2,,,,,,,,,
2026-09-17T12:12:39.044Z,2026-09-17T12:12:41.964Z,0.1,0.2,9.9,0,0,0,0,0,0,90,1.3,-0.2,,,,,,,,,
2026-09-17T12:12:40.038Z,2026-09-17T12:12:42.958Z,0.1,0.2,9.9,0,0,0,0,0,0,90,1.3,-0.2,,,,,,,,,
2026-09-17T12:12:41.044Z,2026-09-17T12:12:43.964Z,0.1,0.2,9.9,0,0,0,0,0,0,90,1.3,-0.2,,,,,,,,,
2026-09-17T12:12:42.041Z,2026-09-17T12:12:44.959Z,0.1,0.2,9.9,0,0,0,0,0,0,90,1.3,-0.2,,,,,,,,,
2026-09-17T12:12:42.219Z,2026-09-17T12:12:45.143Z,0.1,0.2,9.9,0,0,0,0,0,0,90,1.3,-0.2,,,,,,,,,
2026-09-17T12:12:44.043Z,2026-09-17T12:12:46.964Z,1,6.6,6.6,0.1,0,-0.2,-16.5,-40.6,26.1,104.1,41.7,-7.1,,,,,,,,,
2026-09-17T12:12:45.041Z,2026-09-17T12:12:47.960Z,1,6.6,6.6,0.1,0,-0.2,-16.5,-40.6,26.1,104.1,41.7,-7.1,,,,,,,,,
2026-09-17T12:12:46.042Z,2026-09-17T12:12:48.960Z,1,6.6,6.6,0.1,0,-0.2,-16.5,-40.6,26.1,104.1,41.7,-7.1,,,,,,,,,
2026-09-17T12:12:47.043Z,2026-09-17T12:12:49.962Z,1,6.6,6.6,0.1,0,-0.2,-16.5,-40.6,26.1,104.1,41.7,-7.1,,,,,,,,,
2026-09-17T12:12:48.043Z,2026-09-17T12:12:50.962Z,1,6.6,6.6,0.1,0,-0.2,-16.5,-40.6,26.1,104.1,41.7,-7.1,,,,,,,,,
2026-09-17T12:12:49.042Z,2026-09-17T12:12:51.964Z,1,6.6,6.6,0.1,0,-0.2,-16.5,-40.6,26.1,104.1,41.7,-7.1,,,,,,,,,
2026-09-17T12:12:50.041Z,2026-09-17T12:12:52.964Z,1,6.6,6.6,0.1,0,-0.2,-16.5,-40.6,26.1,104.1,41.7,-7.1,,,,,,,,,
2026-09-17T12:12:51.041Z,2026-09-17T12:12:54.037Z,1,6.6,6.6,0.1,0,-0.2,-16.5,-40.6,26.1,104.1,41.7,-7.1,,,,,,,,,
2026-09-17T12:12:52.035Z,2026-09-17T12:12:54.967Z,1,6.6,6.6,0.1,0,-0.2,-16.5,-40.6,26.1,104.1,41.7,-7.1,,,,,,,,,
2026-09-17T12:12:53.041Z,2026-09-17T12:12:55.964Z,1,6.6,6.6,0.1,0,-0.2,-16.5,-40.6,26.1,104.1,41.7,-7.1,,,,,,,,,
2026-09-17T12:12:54.044Z,2026-09-17T12:12:56.967Z,1,6.6,6.6,0.1,0,-0.2,-16.5,-40.6,26.1,104.1,41.7,-7.1,,,,,,,,,
2026-09-17T12:12:55.041Z,2026-09-17T12:12:57.972Z,1,6.6,6.6,0.1,0,-0.2,-16.5,-40.6,26.1,104.1,41.7,-7.1,,,,,,,,,
2026-09-17T12:12:56.041Z,2026-09-17T12:12:59.054Z,1,6.6,6.6,0.1,0,-0.2,-16.5,-40.6,26.1,104.1,41.7,-7.1,,,,,,,,,
2026-09-17T12:12:57.046Z,2026-09-17T12:12:59.975Z,1,6.6,6.6,0.1,0,-0.2,-16.5,-40.6,26.1,104.1,41.7,-7.1,,,,,,,,,
2026-09-17T12:12:58.041Z,2026-09-17T12:13:00.962Z,1,6.6,6.6,0.1,0,-0.2,-16.5,-40.6,26.1,104.1,41.7,-7.1,,,,,,,,,
2026-09-17T12:12:59.042Z,2026-09-17T12:13:02.024Z,1,6.6,6.6,0.1,0,-0.2,-16.5,-40.6,26.1,104.1,41.7,-7.1,,,,,,,,,
2026-09-17T12:13:00.041Z,2026-09-17T12:13:03.046Z,1,6.6,6.6,0.1,0,-0.2,-16.5,-40.6,26.1,104.1,41.7,-7.1,,,,,,,,,
2026-09-17T12:13:01.043Z,2026-09-17T12:13:04.066Z,1,6.6,6.6,0.1,0,-0.2,-16.5,-40.6,26.1,104.1,41.7,-7.1,,,,,,,,,
2026-09-17T12:13:02.041Z,2026-09-17T12:13:05.007Z,1,6.6,6.6,0.1,0,-0.2,-16.5,-40.6,26.1,104.1,41.7,-7.1,,,,,,,,,
2026-09-17T12:13:03.043Z,2026-09-17T12:13:05.966Z,1,6.6,6.6,0.1,0,-0.2,-16.5,-40.6,26.1,104.1,41.7,-7.1,,,,,,,,,
2026-09-17T12:13:04.037Z,2026-09-17T12:13:07.039Z,1,6.6,6.6,0.1,0,-0.2,-16.5,-40.6,26.1,104.1,41.7,-7.1,,,,,,,,,
2026-09-17T12:13:05.043Z,2026-09-17T12:13:07.972Z,1,6.6,6.6,0.1,0,-0.2,-16.5,-40.6,26.1,104.1,41.7,-7.1,,,,,,,,,
2026-09-17T12:13:06.041Z,2026-09-17T12:13:08.960Z,1,6.6,6.6,0.1,0,-0.2,-16.5,-40.6,26.1,104.1,41.7,-7.1,,,,,,,,,
2026-09-17T12:13:07.043Z,2026-09-17T12:13:09.961Z,1,6.6,6.6,0.1,0,-0.2,-16.5,-40.6,26.1,104.1,41.7,-7.1,,,,,,,,,
2026-09-17T12:13:08.041Z,2026-09-17T12:13:10.963Z,1,6.6,6.6,0.1,0,-0.2,-16.5,-40.6,26.1,104.1,41.7,-7.1,,,,,,,,,
2026-09-17T12:13:09.041Z,2026-09-17T12:13:11.966Z,1,6.6,6.6,0.1,0,-0.2,-16.5,-40.6,26.1,104.1,41.7,-7.1,,,,,,,,,
2026-09-17T12:13:10.042Z,2026-09-17T12:13:12.961Z,1,6.6,6.6,0.1,0,-0.2,-16.5,-40.6,26.1,104.1,41.7,-7.1,,,,,,,,,
2026-09-17T12:13:11.035Z,2026-09-17T12:13:13.957Z,1,6.6,6.6,0.1,0,-0.2,-16.5,-40.6,26.1,104.1,41.7,-7.1,,,,,,,,,
2026-09-17T12:13:12.041Z,2026-09-17T12:13:14.961Z,1,6.6,6.6,0.1,0,-0.2,-16.5,-40.6,26.1,104.1,41.7,-7.1,,,,,,,,,
2026-09-17T12:13:13.043Z,2026-09-17T12:13:16.050Z,1,6.6,6.6,0.1,0,-0.2,-16.5,-40.6,26.1,104.1,41.7,-7.1,,,,,,,,,
2026-09-17T12:13:14.043Z,2026-09-17T12:13:17.092Z,1,6.6,6.6,0.1,0,-0.2,-16.5,-40.6,26.1,104.1,41.7,-7.1,,,,,,,,,
2026-09-17T12:13:15.039Z,2026-09-17T12:13:18.043Z,1,6.6,6.6,0.1,0,-0.2,-16.5,-40.6,26.1,104.1,41.7,-7.1,,,,,,,,,
2026-09-17T12:13:16.042Z,2026-09-17T12:13:18.962Z,1,6.6,6.6,0.1,0,-0.2,-16.5,-40.6,26.1,104.1,41.7,-7.1,,,,,,,,,
2026-09-17T12:13:17.042Z,2026-09-17T12:13:20.045Z,1,6.6,6.6,0.1,0,-0.2,-16.5,-40.6,26.1,104.1,41.7,-7.1,,,,,,,,,
2026-09-17T12:13:18.043Z,2026-09-17T12:13:20.964Z,1,6.6,6.6,0.1,0,-0.2,-16.5,-40.6,26.1,104.1,41.7,-7.1,,,,,,,,,
2026-09-17T12:13:19.042Z,2026-09-17T12:13:21.962Z,1,6.6,6.6,0.1,0,-0.2,-16.5,-40.6,26.1,104.1,41.7,-7.1,,,,,,,,,
2026-09-17T12:13:20.042Z,2026-09-17T12:13:22.962Z,1,6.6,6.6,0.1,0,-0.2,-16.5,-40.6,26.1,104.1,41.7,-7.1,,,,,,,,,
2026-09-17T12:13:21.043Z,2026-09-17T12:13:24.010Z,1,6.6,6.6,0.1,0,-0.2,-16.5,-40.6,26.1,104.1,41.7,-7.1,,,,,,,,,
2026-09-17T12:13:22.043Z,2026-09-17T12:13:24.962Z,1,6.6,6.6,0.1,0,-0.2,-16.5,-40.6,26.1,104.1,41.7,-7.1,,,,,,,,,
2026-09-17T12:13:23.043Z,2026-09-17T12:13:25.969Z,1,6.6,6.6,0.1,0,-0.2,-16.5,-40.6,26.1,104.1,41.7,-7.1,,,,,,,,,
2026-09-17T12:13:24.043Z,2026-09-17T12:13:27.008Z,1,6.6,6.6,0.1,0,-0.2,-16.5,-40.6,26.1,104.1,41.7,-7.1,,,,,,,,,
2026-09-17T12:13:25.037Z,2026-09-17T12:13:28.000Z,1,6.6,6.6,0.1,0,-0.2,-16.5,-40.6,26.1,104.1,41.7,-7.1,,,,,,,,,
2026-09-17T12:13:26.043Z,2026-09-17T12:13:29.057Z,1,6.6,6.6,0.1,0,-0.2,-16.5,-40.6,26.1,104.1,41.7,-7.1,,,,,,,,,
2026-09-17T12:13:27.061Z,2026-09-17T12:13:30.023Z,1,6.6,6.6,0.1,0,-0.2,-16.5,-40.6,26.1,104.1,41.7,-7.1,,,,,,,,,
2026-09-17T12:13:28.041Z,2026-09-17T12:13:31.003Z,1,6.6,6.6,0.1,0,-0.2,-16.5,-40.6,26.1,104.1,41.7,-7.1,,,,,,,,,
2026-09-17T12:13:29.041Z,2026-09-17T12:13:31.960Z,1,6.6,6.6,0.1,0,-0.2,-16.5,-40.6,26.1,104.1,41.7,-7.1,,,,,,,,,
2026-09-17T12:13:30.042Z,2026-09-17T12:13:33.059Z,1,6.6,6.6,0.1,0,-0.2,-16.5,-40.6,26.1,104.1,41.7,-7.1,,,,,,,,,
2026-09-17T12:13:31.041Z,2026-09-17T12:13:33.960Z,1,6.6,6.6,0.1,0,-0.2,-16.5,-40.6,26.1,104.1,41.7,-7.1,,,,,,,,,
2026-09-17T12:13:32.043Z,2026-09-17T12:13:34.995Z,1,6.6,6.6,0.1,0,-0.2,-16.5,-40.6,26.1,104.1,41.7,-7.1,,,,,,,,,
2026-09-17T12:13:33.034Z,2026-09-17T12:13:35.954Z,1,6.6,6.6,0.1,0,-0.2,-16.5,-40.6,26.1,104.1,41.7,-7.1,,,,,,,,,
2026-09-17T12:13:34.042Z,2026-09-17T12:13:37.043Z,1,6.6,6.6,0.1,0,-0.2,-16.5,-40.6,26.1,104.1,41.7,-7.1,,,,,,,,,
2026-09-17T12:13:35.043Z,2026-09-17T12:13:37.993Z,1,6.6,6.6,0.1,0,-0.2,-16.5,-40.6,26.1,104.1,41.7,-7.1,,,,,,,,,
2026-09-17T12:13:36.042Z,2026-09-17T12:13:38.963Z,1,6.6,6.6,0.1,0,-0.2,-16.5,-40.6,26.1,104.1,41.7,-7.1,,,,,,,,,
2026-09-17T12:13:37.042Z,2026-09-17T12:13:39.961Z,1,6.6,6.6,0.1,0,-0.2,-16.5,-40.6,26.1,104.1,41.7,-7.1,,,,,,,,,
2026-09-17T12:13:38.041Z,2026-09-17T12:13:41.036Z,1,6.6,6.6,0.1,0,-0.2,-16.5,-40.6,26.1,104.1,41.7,-7.1,,,,,,,,,
2026-09-17T12:13:39.043Z,2026-09-17T12:13:41.965Z,1,6.6,6.6,0.1,0,-0.2,-16.5,-40.6,26.1,104.1,41.7,-7.1,,,,,,,,,
2026-09-17T12:13:40.043Z,2026-09-17T12:13:42.982Z,1,6.6,6.6,0.1,0,-0.2,-16.5,-40.6,26.1,104.1,41.7,-7.1,,,,,,,,,
2026-09-17T12:13:41.041Z,2026-09-17T12:13:44.005Z,1,6.6,6.6,0.1,0,-0.2,-16.5,-40.6,26.1,104.1,41.7,-7.1,,,,,,,,,
2026-09-17T12:13:42.035Z,2026-09-17T12:13:44.955Z,1,6.6,6.6,0.1,0,-0.2,-16.5,-40.6,26.1,104.1,41.7,-7.1,,,,,,,,,
2026-09-17T12:13:43.038Z,2026-09-17T12:13:45.967Z,1,6.6,6.6,0.1,0,-0.2,-16.5,-40.6,26.1,104.1,41.7,-7.1,,,,,,,,,
