relative_path,size_bytes,size_kb,last_modified,sha256
Exp_1_TargetStd/best_model.pt,1075765,1050.55,2026-09-19 12:22:59,b99cec3c187527b077f68a507de5638e7df16f7dfd4c891c8968befb127cf0de
Exp_1_TargetStd/last_checkpoint.pt,3229307,3153.62,2026-09-19 19:19:59,399f9a8e1ebc32b87ef1307b0d6c6a473db835e4796e3e4346e6d779fbd83806
Exp_1_TargetStd/training_history.csv,965,0.94,2026-09-19 19:19:59,09704d027d4d852a9f024ac81f7bc888e7c92e8a2c3fad2064291b3ee8ab2537
Exp_2_LSTMNoAttention_TargetStd/best_model.pt,875893,855.36,2026-09-19 23:12:33,6891de5ccf940619488309694205817dca69184938f1973824b5a854c59e43d6
Exp_2_LSTMNoAttention_TargetStd/last_checkpoint.pt,2628035,2566.44,2026-09-19 23:12:33,95a303c72bf6cfb938776253bdf900c4d213d8f926d2843b7a6548a9e437f382
Exp_2_LSTMNoAttention_TargetStd/training_history.csv,387,0.38,2026-09-19 23:12:33,5edbdfd6d42921df5e7fdef41f3964820361038656af48d1d11077592daa99a0
Exp_2b_LSTMNoAttention_TargetStd_Stride5/best_model.pt,876021,855.49,2026-09-20 00:36:06,f9aef59b0700eec85fcb66ff46555d16163ce200a0718deae6c2f66300c6c956
Exp_2b_LSTMNoAttention_TargetStd_Stride5/last_checkpoint.pt,2628227,2566.63,2026-09-20 01:17:02,d308843691e618096b15a8f00ec0be14d83aa76b84b39ec23b3b24747c74d5e9
Exp_2b_LSTMNoAttention_TargetStd_Stride5/training_history.csv,1240,1.21,2026-09-20 01:17:02,108b148ab8277a6a611860964f9af05a516b8281b60c51a4872d1bcf9ddb106a
Exp_3_BalancedWeightedMSE/best_model.pt,876149,855.61,2026-09-20 11:59:58,38881a94767826c73778a1113fec9cae86c5c262d285b6ffaa6990864460cb6d
Exp_3_BalancedWeightedMSE/last_checkpoint.pt,2628291,2566.69,2026-09-20 12:17:23,a617bcbae06fb6563acb64facbaec7a1690561e2fb496e6ca471fba5653da310
Exp_3_BalancedWeightedMSE/training_history.csv,711,0.69,2026-09-20 12:17:23,0cc8a4db055a65a9bc9aaa583ed517a78b26c19ed2cb9cc41d38e190da59a1e7
Exp_4_SpeedBalancedSampling/best_model.pt,2627637,2566.05,2026-09-20 12:37:10,f35249d9215f789db185be345225156372c4293999f96404a7af95bbc239b826
Exp_4_SpeedBalancedSampling/exp4_summary.md,2885,2.82,2026-09-20 13:25:55,381fea39175be311af3bc02eec47f65e3e2eb76f8d0c43e412f26db010bc3019
Exp_4_SpeedBalancedSampling/last_checkpoint.pt,2627907,2566.32,2026-09-20 13:25:40,e8488a885dd26ccbf32c09da0cbcce3ea98c779329d247d4ba50817941885df3
Exp_4_SpeedBalancedSampling/training_history.csv,1588,1.55,2026-09-20 13:25:40,e59f7406ccb557e6b9f71c1a4b26db8a28542270eb721c6417de871d39c2b111
Exp_5_LSTMNoAttention_DeltaV/best_model.pt,6155829,6011.55,2026-09-20 14:01:52,04405bf2f04c6baefa8423a23a90f7cb36aa1651d637d2126cf41da0d0a718cf
Exp_5_LSTMNoAttention_DeltaV/exp5_final_audit.md,7499,7.32,2026-09-20 16:08:30,35367ade929e9c5eedf33cb8a95e791f87c1d2ac3f460f8e85337c7c57222e46
Exp_5_LSTMNoAttention_DeltaV/exp5_final_report.md,4705,4.59,2026-09-20 16:00:33,014d8f106a38c2c5f464ad91713340bae3170eb027f8a0404ad761a6daaa2a02
Exp_5_LSTMNoAttention_DeltaV/exp5_negative_prediction_audit.csv,605,0.59,2026-09-20 16:08:30,6dae00186bef07cf0ab95db7341088247c7e4374064480aabe76a286515d7aa3
Exp_5_LSTMNoAttention_DeltaV/exp5_persistence_comparison.csv,671,0.66,2026-09-20 16:08:30,279468ed268259af73d75123aa702f79f8f2eed6883783c8aac4a62384a9d5cb
Exp_5_LSTMNoAttention_DeltaV/last_checkpoint.pt,6107587,5964.44,2026-09-20 15:57:06,01b90e87a1c92be4bb364af4c0f6a7a0e8274463a6b6d8b89e14520453d5e0f6
Exp_5_LSTMNoAttention_DeltaV/sequential_drift_metrics.csv,310,0.3,2026-09-20 16:00:30,aa1ba400333e57386a73c06182c36825a252398de6105bb7321bec4685be2caf
Exp_5_LSTMNoAttention_DeltaV/speed_binned_metrics.csv,1207,1.18,2026-09-20 16:00:30,c5388473589b1e25158a4400cba0c622210f170a0e92d91e04c956a33dfe8b2a
Exp_5_LSTMNoAttention_DeltaV/training_history.csv,2064,2.02,2026-09-20 15:57:06,657d2277b7a26c4481c1a09b111b07db0fdad12bd938e24a7cdea4fca1e567df
Exp_5_LSTMNoAttention_DeltaV/plots/01_actual_vs_predicted_deltav_scatter.png,342138,334.12,2026-09-20 16:00:30,2d71967adf6e1864951afdc0d6e21700ae9e366f4daf0c589992a7c23946a50b
Exp_5_LSTMNoAttention_DeltaV/plots/02_deltav_time_series.png,196854,192.24,2026-09-20 16:00:31,1f1f50bebde0a695b66127cde2d9c60584f4817149a57b31e7bbd39dcf958692
Exp_5_LSTMNoAttention_DeltaV/plots/03_actual_vs_anchored_speed_scatter.png,913982,892.56,2026-09-20 16:00:31,49b4e3b0e8a399d25cf07c2fdf92e450c6a575580dcad785e825dd4ab7444897
Exp_5_LSTMNoAttention_DeltaV/plots/04_exp2_vs_exp5_scatter_comparison.png,1526727,1490.94,2026-09-20 16:00:31,1b8c168404ad7762366537c66cb68ee9de373c77420db5ee953caf104bbf62c7
Exp_5_LSTMNoAttention_DeltaV/plots/05_speed_time_series_tracking.png,580842,567.23,2026-09-20 16:00:32,8f79d5cbcb42a76562a6a9129bbd9f9c852de7622d5d967d748973c72fcc02d2
Exp_5_LSTMNoAttention_DeltaV/plots/06_error_vs_actual_speed.png,939927,917.9,2026-09-20 16:00:32,aaa1e597117f1b60e21f8c302249809fc5159f295b450914980a2a5d0a045062
Exp_5_LSTMNoAttention_DeltaV/plots/07_speed_bin_rmse_and_bias_comparison.png,129038,126.01,2026-09-20 16:00:32,1ca2754e06335de720eee3e9af28d9c41803ff21f93ffcfa47b91d4244365da5
Exp_5_LSTMNoAttention_DeltaV/plots/09_sequential_velocity_trajectory.png,323414,315.83,2026-09-20 16:00:32,95c4e30cf8080376f9ca3975ecfbddde7b593270e34a6f0282d144bb375129e0
Exp_5_LSTMNoAttention_DeltaV/plots/10_sequential_error_drift.png,277495,270.99,2026-09-20 16:00:33,3a59b41bfd5569a8dd36e7b3cfc9c084ff8b1560b1a52e04f6b5a07347d2dbe7
Exp_5_LSTMNoAttention_DeltaV/plots/11_speed_distribution_comparison.png,86445,84.42,2026-09-20 16:00:33,e04097c386d812e39e66f71a4be9a326b88123096a5e7aa99588e4066e8ae3c5
Exp_5_LSTMNoAttention_DeltaV/plots/12_residual_histogram.png,79758,77.89,2026-09-20 16:00:33,5e544ae5a8fcf0c479888eb508daf0bf29474189c7251b6df59054f7bdcf7fa6
final_test_evaluation/final_test_report.md,5294,5.17,2026-09-20 16:14:44,80087eda1739fc8f7fb6945b6d37f20b91f0b1585f69dc9d526961bdb58cfef3
final_test_evaluation/s3c_negative_prediction_audit.csv,622,0.61,2026-09-20 16:14:42,361b9571e47b3a8de520f026ee4fea38352afe1d9fb9ccbf443bbcff5de6c3d7
final_test_evaluation/s3c_persistence_comparison.csv,671,0.66,2026-09-20 16:14:42,6e3978c1a2b038661ae95ca2cd508ea25282c743aa3e6130fe7afc3365f22184
final_test_evaluation/s3c_sequential_drift_metrics.csv,316,0.31,2026-09-20 16:14:42,e227ccbf9e83b86c313284d7a9448f4188d9cac8ae2b0d47ff2d1f37e6bd85e9
final_test_evaluation/s3c_speed_binned_metrics.csv,1997,1.95,2026-09-20 16:14:42,9592676fca2c0da33cc1fb03e9d5339427bf3373d3504ae1a808d418a4a337e1
final_test_evaluation/plots/01_test_s3c_actual_vs_pred_deltav_scatter.png,393060,383.85,2026-09-20 16:14:42,5026609ee486c65162a2e426c964e024009bced181c7ac11d7b08e2fa1ad3796
final_test_evaluation/plots/02_test_s3c_actual_vs_anchored_speed_scatter.png,1117392,1091.2,2026-09-20 16:14:43,687383f93711c34cac6cf59bdfd075a9e3b6008473f97504f419bc7c3cfa4e60
final_test_evaluation/plots/03_test_s3c_speed_time_series.png,608545,594.28,2026-09-20 16:14:43,f593028a0cdeb610f695fcfb7aa183a810141c99d3f063d99fb84b1059421efb
final_test_evaluation/plots/04_test_s3c_speed_bin_rmse_and_bias.png,131811,128.72,2026-09-20 16:14:43,c42ae1b7a6fe93efd2887b3dd1f4ae52114517441ae23b09ce70170e8b6f7e70
final_test_evaluation/plots/05_test_s3c_sequential_trajectory.png,352003,343.75,2026-09-20 16:14:43,26ff93cfbf1af675595322be855b381799eba455d10f61626cb1da0faca302c3
final_test_evaluation/plots/06_test_s3c_residual_histogram.png,66254,64.7,2026-09-20 16:14:44,d81bcfaca3ba654b14f34fc8b6f45f4eb088dfb284ef5697b04d57b60773ce43
validation_performance/audit_report.md,8869,8.66,2026-09-20 11:13:00,8b1dc47951a1d3d62a8c90d5a0b4f986a4561f6d07f639f1562566e8acf9e11b
validation_performance/bias_by_speed_bin.csv,3745,3.66,2026-09-20 11:14:15,58099c94c3a347b4d1959875025f632d9e94c6d5bda1316c2b26ee0bc8b6a171
validation_performance/exp2_final_diagnostic.md,4227,4.13,2026-09-20 12:21:32,9647f25a5d39a9d1dd89735440b3d0d417e6b6442592c9dec84da74808d37150
validation_performance/exp3_design_report.md,9322,9.1,2026-09-20 11:14:53,81c9aafbe3eac557fbfcb33404c601473a129ad41a704f89ca1cd270e26e9ab4
validation_performance/exp4_design_report.md,6545,6.39,2026-09-20 12:24:59,57c5eb948e7a5a5911c691ddc2f8b8d67c77e0009ce0a560fd258f3e91b6f6fb
validation_performance/exp5_readonly_design.md,15402,15.04,2026-09-20 12:58:14,c9f3dcc86feeae188d9a1106389e5c4d09c9e91191dc27e54726c2b7a1360b20
validation_performance/metrics.csv,1320,1.29,2026-09-20 11:06:42,59f7789e5a77d8b893a8f2dc62e19e1fab3089a0b808c0336090d834aa844918
validation_performance/metrics_report.md,6003,5.86,2026-09-20 11:06:42,d80ab1a10d25bc97badc058f3e4eaaa18a2cef3c8aea9550ee969ede17bdbec9
validation_performance/metric_reconciliation.csv,955,0.93,2026-09-20 11:12:33,55b367bd609b9ed06daea74bb1292e71372933372c54f7cec91cab2c0d675e60
validation_performance/speed_binned_metrics.csv,4164,4.07,2026-09-20 11:06:42,c68e6bc67912eb3db805b9585de57e357f8b3a6d1221b1ac555de1b4e7bb0222
validation_performance/stage5_delta_v_baselines.csv,1005,0.98,2026-09-20 12:57:28,e44c9ec0c1f61722a1af8478e6953e90c836191665a64e2d72ccceea544cc27c
validation_performance/stage5_delta_v_correlations.csv,2382,2.33,2026-09-20 12:57:27,d8cdac321d0a764a8e4a93fe152fc8049e7d05340a8b438556aae8cf05a011e3
validation_performance/stage5_delta_v_distribution.csv,2428,2.37,2026-09-20 12:56:58,5eaf3589d0164e16616da8009d38d450b2c30a19e7c34518497d94e387683e5b
validation_performance/stage5_delta_v_interval_analysis.csv,1167,1.14,2026-09-20 12:57:28,9916bb5231276e1e5e660596bc8fdad41d52b6705f8149d0d43206298413b4d2
validation_performance/stage5_delta_v_reconstruction.csv,1458,1.42,2026-09-20 12:57:28,da77c54872a31ef4ce85e4c2b44bd2b178880623d86e03d0b17b33c0870e493d
validation_performance/stage5_distribution_shift.csv,4763,4.65,2026-09-20 12:53:13,cefb0d31a24fb3937ecfbf25c4e5552f72c769d42bc884fef9773e7156d01de1
validation_performance/stage5_exp2_error_by_speed.csv,1312,1.28,2026-09-20 12:53:46,062a6dbf587970e7301697d619afaa74bfc8b19f485161250ef70a4418d28583
validation_performance/stage5_feature_target_correlation.csv,11497,11.23,2026-09-20 12:53:07,bea964a5bf59c4a8b625093c133f56e43c34ec594aa7af76ea7b82015f86ff13
validation_performance/stage5_readonly_investigation.md,19013,18.57,2026-09-20 12:54:36,dae94b2e4a06c834f960f0e99cf3d71e1c18811227a9e28c31e67a0569330bc1
validation_performance/stage5_session_statistics.csv,860,0.84,2026-09-20 12:53:13,8b8c1be9f509c2841bc172c43e4ad2510424a075d9663e1350d55574634222e3
validation_performance/stage5_simple_baselines.csv,994,0.97,2026-09-20 12:53:46,ba0e68c1fe0dede37d75d5a1b728116e818f72669ea233ae08366defa10ed344
validation_performance/stage5_speed_conditioned_features.csv,2039,1.99,2026-09-20 12:53:13,f3adb756325dee667580d5cf81a5dfbb90cdc7264854751ea5a57c9fdc5847b9
validation_performance/stage5_window_target_analysis.csv,761,0.74,2026-09-20 12:53:25,d1ecd661270784f7f61be74fa357348b624b007907ce14cbe04e05ea4f5f45f2
validation_performance/target_distribution_analysis.csv,1070,1.04,2026-09-20 11:14:15,81f299936615530cda1883bd6877ff22ecf4a690479439fda9f792715b123257
validation_performance/plots/comparison_actual_vs_predicted_all_models.png,1106051,1080.13,2026-09-20 11:06:40,fea28972fa4e7857d0b09294e8df1b25eb28e73769aa5a22f9b1b29324c3a70a
validation_performance/plots/comparison_residual_distribution.png,200039,195.35,2026-09-20 11:06:41,b1809a70e73d51a840ba0b68b7894eecb204fd922f6a22928731ebcade3964f5
validation_performance/plots/comparison_speed_binned_rmse.png,186788,182.41,2026-09-20 11:06:41,af3cb0670d37ed69709af5d6b8c8d1b30a8f93929be6a61b879e215b64e762f3
validation_performance/plots/comparison_time_series_all_models.png,447920,437.42,2026-09-20 11:06:41,d08bd3a3b65cf0f791c33486c769eeedb7a3cf9b0558c28f9444452272b97cab
validation_performance/plots/exp_1_actual_vs_predicted_scatter.png,541873,529.17,2026-09-20 11:04:28,220d0c850e20431c388647591372e77053efb4b883683622e86a0282d8f606a0
validation_performance/plots/exp_1_residual_distribution.png,209968,205.05,2026-09-20 11:04:29,4f5e3aaccd6330f400a76f2a94b757ce815abf5b9946f766e562e5ece38e160b
validation_performance/plots/exp_1_residual_vs_actual.png,436865,426.63,2026-09-20 11:04:29,0cba49d2ef286d081f8e593b0483ee3a3734ee94134d70737af75275312ce1f9
validation_performance/plots/exp_1_speed_binned_comparison.png,226011,220.71,2026-09-20 11:04:30,f8c7b2cba0d52c4d3aa0997d9a8e02f21908d3e8dd00cefbac05339647389399
validation_performance/plots/exp_1_time_series.png,763548,745.65,2026-09-20 11:04:29,9228195ebd7030e27d7b83cbac7efa7ca27d0f0ad2581f8a755687a8f8fbe3fa
validation_performance/plots/exp_2b_actual_vs_predicted_scatter.png,450607,440.05,2026-09-20 11:06:38,26823dfd0666b3442e479daa66495e0cb4305ee6b3722ddfbb6e95324b15e3c1
validation_performance/plots/exp_2b_residual_distribution.png,206639,201.8,2026-09-20 11:06:39,26552efec9d21d577acf1905c7979525888340b63389d7578c7001881e71c4a0
validation_performance/plots/exp_2b_residual_vs_actual.png,332009,324.23,2026-09-20 11:06:39,41e90c5260b3905892f73cd8de573ac92a180d81eb734c13b2de8d3b55ba5cd9
validation_performance/plots/exp_2b_speed_binned_comparison.png,232346,226.9,2026-09-20 11:06:39,e5e9495c6c81f9e0585f029d3741e355a3cf882f162a3126448fb47eaf53f5b0
validation_performance/plots/exp_2b_time_series.png,646023,630.88,2026-09-20 11:06:38,2554ac16d64fcaba8c90004b9e40b5671adbd0ac31cec19d3157ab893ee4c5f3
validation_performance/plots/exp_2_actual_vs_predicted_scatter.png,581421,567.79,2026-09-20 11:05:33,00fb5cd58d4b3c14e668ce1af0b5f730696915417365f1025c2dec1458b520f2
validation_performance/plots/exp_2_residual_distribution.png,201852,197.12,2026-09-20 11:05:34,2630a1f742e331704c7a6442beb105770a0ae175e511f48ba59f438a03d36ca2
validation_performance/plots/exp_2_residual_vs_actual.png,435699,425.49,2026-09-20 11:05:34,b2d189e0c06c1476ed4f0610f1c1dec9f8f01eeddfcc6369efdc6bb8470883ce
validation_performance/plots/exp_2_speed_binned_comparison.png,226643,221.33,2026-09-20 11:05:34,a449ee638fb73a93d4d483c0ed816423a46a41aebd5564bd6687bba43944d62c
validation_performance/plots/exp_2_time_series.png,754240,736.56,2026-09-20 11:05:33,6ba20000c44506fd6f7e94c98df8a245a684dbc37973dc769b4d7cb678e6a70f
